id,first_name,last_name,email,Credit_Card,ip_address,Latitude,Longitude
1,Orv,Killford,okillford0@symantec.com,,47.95.81.109,32.916287,117.389719
2,Jane,Coggings,jcoggings1@boston.com,5048378587595672,191.183.234.65,-6.8377775,107.8738258
3,Ardra,Snoxall,asnoxall2@baidu.com,,,49.989968,22.3314395
4,Hazel,Mallabar,hmallabar3@jigsy.com,5108754373039603,166.166.103.179,43.363668,88.311099
5,Dulcie,Dannohl,ddannohl4@blogtalkradio.com,,14.193.129.36,4.908994,97.380417
6,Ruddy,Carlone,rcarlone5@google.pl,,218.23.173.198,-7.1532,114.3304
7,Olvan,Simkiss,osimkiss6@noaa.gov,5108750370330029,184.83.52.53,22.099737,
8,Dorri,Growcott,,5048379783925192,,45.95,102.05
9,Hannah,Maffia,,,89.32.61.150,59.2643041,
10,Ronda,Traynor,,5007664166690425,136.189.216.247,40.115306,113.457407
11,Tabor,Clowley,tclowleya@blogger.com,5007663440329230,28.230.134.60,32.901093,
12,Chantal,Goodship,cgoodshipb@salon.com,,197.194.199.91,29.528923,104.990101
13,Tuckie,Brittles,,,134.135.5.238,-8.2399,124.4052
14,Willamina,Mauser,wmauserd@google.cn,,101.213.185.156,35.91784,64.7755147
15,Steffane,Bubb,sbubbe@kickstarter.com,,24.152.172.99,16.043877,120.131429
16,Esme,Coggen,ecoggenf@cmu.edu,,,28.924088,
17,Elyssa,Masham,emashamg@dedecms.com,5007667544220849,76.137.168.248,-6.8878234,107.9604706
18,Theressa,Yellowley,,,154.1.125.77,-17.7472494,-48.6122723
19,Jillayne,Birney,jbirneyi@gov.uk,5048377245012187,30.98.208.118,36.599744,101.803717
20,Crysta,Peet,cpeetj@rambler.ru,5010125607590173,244.22.57.8,59.6794853,18.67843
21,Myrilla,Matzel,mmatzelk@friendfeed.com,,216.180.32.148,-27.946449,-52.9164069
22,Pavlov,Walcher,pwalcherl@artisteer.com,5002355955555227,143.127.187.235,40.3643523,70.8001028
23,Daphene,Osburn,dosburnm@mozilla.org,5007668097748855,162.54.95.233,32.223502,118.905952
24,Jeramie,Strangeway,jstrangewayn@artisteer.com,,,23.131797,113.407143
25,Kipp,McWaters,kmcwaterso@mapquest.com,,158.135.106.111,-10.1748845,123.5714032
26,Perl,Bulle,pbullep@independent.co.uk,5002351585167996,,35.881348,140.6828565
27,Kathrine,Mansuer,kmansuerq@china.com.cn,5108756198675404,125.75.76.56,34.746611,113.625328
28,Cordey,Lehr,,,5.22.59.221,35.846212,14.486396
29,Aurelia,Santostefano.,asantostefanos@clickbank.net,5007667681260681,213.6.198.13,40.788434,114.894189
30,Jackquelin,Springle,jspringlet@cyberchimps.com,,,11.5951195,109.0364038
31,Mercy,Gaskall,mgaskallu@csmonitor.com,,165.63.213.7,49.1169513,101.449837
32,Nevile,Hastings,nhastingsv@wp.com,5108753055597235,45.44.116.233,-8.035636,111.9969626
33,Norrie,Bruhnsen,,,79.237.191.68,38.9516688,-9.4027992
34,Emmerich,Tattoo,etattoox@infoseek.co.jp,,129.93.36.82,36.4343708,
35,Sayre,Wackly,,5048377561970000,133.115.226.95,,135.123385
36,Eadie,MacLaig,emaclaigz@ucoz.ru,,22.239.93.101,-6.352044,106.628299
37,Marika,Standell,,,,31.095979,105.094586
38,Marietta,Whelband,mwhelband11@joomla.org,5048377703690326,33.245.106.39,10.3765284,106.3438891
39,Meyer,Sandford,,5007661404644081,234.106.29.235,19.0487026,-72.4701945
40,Gearard,Reitenbach,greitenbach13@vimeo.com,5002359336627911,193.49.23.24,43.486492,16.5996595
41,Kevon,Zannini,kzannini14@cocolog-nifty.com,5108754576665212,83.186.156.23,38.013999,24.4198995
42,Freddy,Hars,fhars15@weebly.com,,,-16.5043107,
43,Junia,Hymers,,,10.200.89.90,27.229632,115.135507
44,Anthiathia,Beldon,abeldon17@histats.com,,251.207.113.69,-20.0495323,57.584421
45,Sybila,Ebbs,,,167.98.209.220,65.723731,-17.354349
46,Eleanor,Lomas,elomas19@51.la,,97.253.169.104,14.5001422,121.0394028
47,Alexander,Gillaspy,agillaspy1a@businessinsider.com,,69.19.166.12,43.7400718,7.4266436
48,Piper,Cockroft,pcockroft1b@wiley.com,5108750404741969,180.68.227.16,,98.482754
49,Lishe,Fusco,lfusco1c@ftc.gov,,68.10.89.30,11.2060173,124.8476713
50,Allys,Harbour,,,92.42.86.24,39.914373,116.454205
51,Lief,Tuddall,ltuddall1e@vinaora.com,5002351134920119,24.27.102.153,-8.7695621,-74.7088325
52,Tarrah,Neylon,tneylon1f@livejournal.com,,62.64.165.101,26.8310493,68.1194872
53,Karen,Winham,kwinham1g@narod.ru,,0.187.208.118,37.90889,126.16111
54,Kelsy,Talboy,ktalboy1h@yahoo.com,,73.103.133.208,14.7292218,121.051001
55,Candida,Jansky,,5048373909073482,60.35.243.172,35.89333,14.39889
56,Coretta,Hollow,chollow1j@sogou.com,,69.204.136.119,-19.8205316,-40.2768213
57,Pace,Siley,psiley1k@trellian.com,5007666664414596,,,21.4694011
58,Christabella,Camerati,ccamerati1l@zimbio.com,,253.214.81.223,38.35,-81.63
59,Horst,Carnalan,,,138.100.75.21,,102.665494
60,Bron,Thames,bthames1n@artisteer.com,5108758977841322,,14.9192781,100.2905604
61,Denny,Marguerite,dmarguerite1o@unblog.fr,,213.135.53.141,24.9936281,121.3009798
62,Ofella,Pattinson,opattinson1p@arstechnica.com,5108756985458493,127.149.90.178,38.2468667,47.1168459
63,Renault,Wyld,rwyld1q@blog.com,,101.184.240.194,12.405227,121.990643
64,Samuele,Greenway,sgreenway1r@amazon.co.uk,5048379178076270,203.59.187.8,-6.267562,106.6143944
65,Ali,Dewes,adewes1s@globo.com,,94.121.238.78,52.6683384,19.5041229
66,Deva,Yeulet,,,239.98.219.167,57.7314074,12.0595845
67,Farr,Iddiens,,5048372868001294,173.217.136.149,42.8271637,2.9134412
68,Mauricio,Sotheron,,,,-19.986874,57.6127424
69,Robers,Roff,rroff1w@webnode.com,5007668019326897,39.188.30.160,-6.944036,109.3277605
70,Kristen,Wibrow,,5007667967076389,83.53.13.222,-7.1282614,108.6591293
71,Malinda,Cogin,mcogin1y@cnbc.com,,139.51.55.83,45.8029045,38.9986184
72,Patsy,Rayson,prayson1z@hugedomains.com,,110.245.238.235,-22.5905906,-46.5282973
73,Derek,Bye,,,139.121.71.180,26.90846,102.930164
74,Lorrin,Iredell,liredell21@comcast.net,5048379008408537,32.94.103.45,39.9368237,116.4442945
75,Damon,Warret,dwarret22@army.mil,,93.112.38.56,32.321458,34.853196
76,Teodorico,Gomer,tgomer23@ebay.com,,196.40.20.83,34.4344694,133.2279653
77,Devin,McIlenna,dmcilenna24@g.co,5002353077847226,153.59.218.176,49.1656853,16.7861155
78,Eustacia,Vian,,,252.131.211.170,40.910754,22.8722799
79,Kiri,Roby,kroby26@exblog.jp,5010128518503897,193.93.237.188,17.1413481,102.7824777
80,Liv,Gonsalvo,lgonsalvo27@sina.com.cn,,225.157.161.248,52.5019685,6.0684306
81,Giffy,Blogg,gblogg28@techcrunch.com,,77.50.191.25,27.955261,112.497228
82,Fran,Chasney,fchasney29@google.co.jp,,234.228.107.102,4.566637,-75.75012
83,Xylina,Mournian,,5108751396232116,,49.7967977,30.1310853
84,Tory,Fader,tfader2b@yandex.ru,5010125943921389,44.14.44.33,41.4232365,47.9193557
85,Marin,Semper,msemper2c@salon.com,5010122851455138,5.252.161.127,-2.3769393,112.858217
86,Livia,Curds,lcurds2d@google.de,,,35.6759137,10.0919243
87,Gallagher,Gostyke,ggostyke2e@earthlink.net,5108757619257285,228.240.20.236,50.6558337,15.4518432
88,Tine,Liggett,,,189.26.15.40,28.1385576,
89,Humfrey,Tesoe,,5108754113504189,34.80.92.247,-14.7929927,-39.0459316
90,Rod,Slay,,,66.47.142.243,26.352089,111.262144
91,Hanni,Trebilcock,htrebilcock2i@ycombinator.com,,212.17.45.166,39.8699419,-8.9175063
92,Issie,Kobieriecki,,,103.45.253.119,44.1884454,19.3776743
93,Dasie,Butchers,dbutchers2k@java.com,,245.56.179.1,49.935213,21.8727139
94,Dodi,Skally,dskally2l@com.com,,91.43.32.76,14.5177485,120.5973573
95,Matthiew,Burnsides,mburnsides2m@desdev.cn,,253.77.212.156,49.5271178,17.5857567
96,Kacey,Byatt,kbyatt2n@myspace.com,5007665689183582,,54.8603009,52.4223979
97,Dalis,Twining,dtwining2o@upenn.edu,5108755711715184,,-33.95115,-62.97238
98,Daryl,Plewright,dplewright2p@irs.gov,,,45.8860486,20.194172
99,Willabella,Hartington,whartington2q@etsy.com,,151.150.22.53,,129.500041
100,Alecia,Lumsdon,alumsdon2r@alexa.com,,62.29.12.85,51.56696,15.53798
101,Mercy,Chadd,mchadd2s@joomla.org,5048376314444164,175.4.95.234,-9.4718308,-78.3006626
102,Shawna,Lipson,,,32.181.74.101,5.9368109,80.5148127
103,Daren,Northrop,dnorthrop2u@tumblr.com,5108754345019980,161.101.83.213,31.5344951,35.1245284
104,Cornall,Skully,cskully2v@technorati.com,,98.118.189.232,30.145729,120.589457
105,Lowrance,Woodwing,,5108754057129134,207.114.206.41,-21.4649238,-47.0145295
106,Salli,Layzell,slayzell2x@photobucket.com,5108753088617752,144.70.59.71,52.0997957,39.7742561
107,Craggy,Birkmyr,cbirkmyr2y@craigslist.org,,,-3.5106508,39.9093269
108,Thadeus,McCotter,,,145.80.57.0,-0.5732343,117.1323579
109,Rudiger,Agerskow,,5002350282498233,234.120.120.231,-10.6776695,-76.2612763
110,Anna-diane,Matyushonok,amatyushonok31@phoca.cz,,,33.895566,117.95891
111,Townsend,Chazier,tchazier32@themeforest.net,,9.244.74.136,52.2141109,24.3581792
112,Jeremie,Melarkey,jmelarkey33@paypal.com,,242.124.35.143,27.6376503,30.8510692
113,Tamar,Pedden,,5010129219431867,59.46.141.117,52.1814619,32.583994
114,Rozalin,Beedom,rbeedom35@nps.gov,,39.164.141.143,37.1773363,
115,Christoper,Corgenvin,ccorgenvin36@yahoo.com,5010123136690937,22.176.188.161,-8.5319945,116.1329888
116,Adam,Carnaman,acarnaman37@timesonline.co.uk,5048373375467929,58.178.20.214,38.7522606,125.3246769
117,Ralph,Matfield,rmatfield38@eventbrite.com,,105.53.201.162,-2.6284683,-80.3895886
118,Wendell,Drillingcourt,wdrillingcourt39@mozilla.org,,133.152.32.167,47.082485,39.3745033
119,Olenolin,Hilland,,,251.214.209.81,39.8595809,-8.7836111
120,Antonio,Hambright,,,105.123.143.76,22.270978,113.576677
121,Madelyn,Tremlett,mtremlett3c@dmoz.org,5002353793544339,166.82.126.51,20.3609414,106.5584071
122,Marcellina,Paydon,mpaydon3d@gravatar.com,5048374364822926,176.4.28.13,18.5138139,-72.2881907
123,Ianthe,Webburn,iwebburn3e@yellowpages.com,,,-8.2463454,112.2085959
124,Malissia,Jonuzi,,,213.139.119.116,36.2429169,128.2989526
125,Giacobo,Rivaland,grivaland3g@list-manage.com,5108752312454677,254.134.151.242,50.2969058,26.8600648
126,Angus,Varah,avarah3h@virginia.edu,,97.52.239.97,54.5859873,73.6386612
127,Dulsea,Crudginton,dcrudginton3i@angelfire.com,,203.114.67.234,52.3147542,22.8893801
128,Christophe,Ryley,cryley3j@house.gov,,33.22.231.94,8.7603327,-70.1158113
129,Kip,Utterson,kutterson3k@jigsy.com,,43.95.48.246,-34.6761,-58.5404623
130,Ives,Rorke,irorke3l@pagesperso-orange.fr,5007661647956300,34.193.210.48,54.1831243,15.9277356
131,Ardath,Tuffrey,atuffrey3m@webnode.com,5108751423403599,56.15.164.159,50.2036798,19.0197207
132,Jacky,McVaugh,,,99.110.51.146,52.454148,-1.7138034
133,Harley,Stodd,,5007668792943082,,,114.174463
134,Amye,Fotitt,afotitt3p@aboutads.info,,235.99.191.90,8.0088881,124.2824329
135,Ollie,Kingescot,,,,32.7010866,-17.1340519
136,Nathaniel,Raveau,nraveau3r@posterous.com,,222.163.156.145,50.0884409,14.5888523
137,Ambrosius,Rentalll,arentalll3s@accuweather.com,5048377914793042,16.200.117.55,47.3860507,0.7236073
138,Justinian,April,japril3t@stanford.edu,5108752234304737,126.71.47.230,47.7728849,12.9695096
139,Lilly,MacGhee,,,,-19.538062,-42.64911
140,Bendix,Glasby,bglasby3v@reverbnation.com,,219.71.254.187,30.131784,120.056029
141,Kelcie,Forbes,kforbes3w@upenn.edu,5002352446857999,10.20.30.219,7.5958893,126.4361995
142,Claudia,Ullrich,,5048377547477229,,28.0206587,67.9219383
143,Hestia,Clift,,5010126061515128,30.15.78.166,-31.2657738,-64.460387
144,Lotta,Reame,lreame3z@creativecommons.org,,131.190.70.184,31.920658,120.284938
145,Anders,George,,,200.255.37.77,-9.7451212,124.6082018
146,Edita,Clinkard,eclinkard41@uol.com.br,5108758556072026,228.55.34.190,16.7733926,101.2451095
147,Danielle,Halvorsen,dhalvorsen42@auda.org.au,5007662612715457,229.208.186.237,-13.734009,-39.1478933
148,Mariam,Lindhe,mlindhe43@sakura.ne.jp,,86.69.151.25,31.2289489,121.4584218
149,Berry,Menco,bmenco44@sciencedirect.com,,,47.2388995,29.3838141
150,Ambros,Lawly,alawly45@domainmarket.com,,208.217.237.38,42.0649631,-8.3756082
151,Judye,Le Batteur,,,,51.4695254,22.9549933
152,Allistir,Tewnion,atewnion47@joomla.org,,,28.5553263,68.2132128
153,Brock,Blaxall,bblaxall48@businessweek.com,,,15.6658463,120.8360762
154,Teressa,Billany,tbillany49@bravesites.com,5002354254489741,,49.7744492,17.7494174
155,Patrica,Royds,,5108751241844149,,,118.916309
156,Moses,Catterell,mcatterell4b@mozilla.com,5010122384622253,235.229.124.129,0.0265717,18.2970692
157,Drusy,Duffit,dduffit4c@dailymail.co.uk,5048379129403664,243.57.229.249,12.6234721,-87.1273253
158,Reggi,Lattie,rlattie4d@gravatar.com,,,28.9141178,120.0531443
159,Carita,Trethewey,ctrethewey4e@networkadvertising.org,5108755329627854,21.84.211.48,-4.5848377,-42.8572386
160,Winnie,Took,wtook4f@woothemes.com,5010125537878961,9.85.210.220,31.294176,121.320622
161,Garret,Buard,gbuard4g@naver.com,5048373710081369,218.175.235.146,-14.67278,-75.225304
162,Charmaine,Gammack,,5010129834575155,87.254.61.111,-21.1379949,-47.990137
163,Dallon,Martinovic,,5108750525392171,,38.6502909,-9.2157735
164,Dian,Berthelmot,dberthelmot4j@blog.com,,,48.738967,37.58435
165,Bryn,Pointin,bpointin4k@zimbio.com,5108758759749032,95.163.239.145,52.1058991,-9.7850991
166,Queenie,Gosnall,qgosnall4l@go.com,,,31.2303904,121.4737021
167,Corella,MacMeeking,cmacmeeking4m@youtu.be,5002353288912025,129.60.20.244,,18.8418011
168,Essie,Hully,ehully4n@google.es,5010124622211980,141.125.249.212,-6.9556847,112.4917291
169,Luke,Thurbon,,5108750358710184,66.140.119.219,51.7022968,20.3729893
170,Sonny,Easterbrook,seasterbrook4p@cbc.ca,,225.74.255.25,35.5445563,128.4922143
171,Lynea,Lanfear,llanfear4q@patch.com,5048374124815327,,18.0842472,-88.5710266
172,Juliet,Griffen,,,122.64.226.105,40.8913038,20.6779776
173,Louie,Cale,lcale4s@github.com,,30.54.86.114,43.4914335,5.3707209
174,Gusella,Sumnall,gsumnall4t@alexa.com,,,59.3465821,26.365315
175,Suzette,Ingree,singree4u@tripod.com,5007662141852524,189.158.176.76,50.7798051,15.8470487
176,Glad,Swansborough,gswansborough4v@auda.org.au,5010121616745700,76.203.230.68,54.4762327,26.3981493
177,Jeanette,Pidduck,jpidduck4w@printfriendly.com,5048376344156804,61.145.38.140,62.930833,152.385
178,Kirsteni,Cranch,kcranch4x@telegraph.co.uk,,135.123.96.210,39.154261,117.155313
179,Audi,Ionn,,5002359407465183,220.188.144.54,46.900546,124.214976
180,Skip,Cotes,,,48.137.219.139,28.8837687,64.3855697
181,Egbert,Hake,ehake50@ucoz.ru,5002357165376519,130.84.39.73,40.3942118,44.6854034
182,Ezri,Pixton,epixton51@github.com,,215.213.56.65,,25.2825598
183,Diandra,Guerry,dguerry52@storify.com,5048376938177471,52.173.176.171,31.2185473,-8.2404397
184,Adriane,Batecok,abatecok53@hostgator.com,5002351478973351,143.172.92.130,13.0742447,101.0084698
185,Glen,Dougliss,gdougliss54@drupal.org,5048376242961685,,-13.5119941,28.1561533
186,Ewell,Sillitoe,esillitoe55@pcworld.com,5002354241923687,114.152.34.149,-26.1011687,28.0645967
187,Aurelia,Bartunek,abartunek56@wikimedia.org,,,,56.3442985
188,Archer,Smalecombe,asmalecombe57@mail.ru,,99.67.235.45,-14.7918149,-39.284293
189,Emmalynne,Verlinden,everlinden58@arstechnica.com,,198.81.165.251,35.543089,106.550593
190,Marin,Inns,minns59@springer.com,,237.195.78.118,33.7226749,59.1788204
191,Myranda,Cadding,mcadding5a@dion.ne.jp,5048377762179823,187.202.116.112,-14.3519929,-170.7408429
192,Denny,Besant,,,3.218.84.208,33.5760112,130.6627355
193,Alverta,Baldree,abaldree5c@canalblog.com,,,8.1607397,-75.1078332
194,Zitella,Wurz,,,,,36.6813123
195,Hughie,Hewes,hhewes5e@mail.ru,5108757528962652,157.46.12.145,46.004267,16.1190743
196,Mahala,Surmon,msurmon5f@theguardian.com,5010124072305779,,-7.221562,111.759598
197,Ingeborg,Thickens,ithickens5g@last.fm,,83.9.176.196,11.1619,
198,Sara,Davidde,sdavidde5h@weather.com,5048377688266092,200.233.211.177,8.9908333,150.1227778
199,Lucie,Thomas,,5007660903505181,149.117.128.128,-1.3964218,-48.4609448
200,Benn,MacQuaker,bmacquaker5j@youku.com,,97.40.33.168,51.32372,-113.60475
201,Theobald,Gummery,tgummery5k@nifty.com,,66.32.33.200,18.2746509,-74.1643652
202,Bethena,Grestye,,5010128889584716,167.64.16.149,32.3506936,-95.3018275
203,Modestia,Simkovitz,msimkovitz5m@merriam-webster.com,,235.78.84.28,28.739865,106.720976
204,Gareth,Mortel,,5007661410501150,50.102.183.132,57.73598,47.01265
205,Roselin,Shallcross,,,149.203.216.236,52.3366443,20.941429
206,Lev,Parnby,lparnby5p@sciencedirect.com,5048378324983603,67.215.118.192,40.1145846,44.2706023
207,Merlina,Dupree,,,,59.9772362,10.6555089
208,Alicia,Roberson,,5048370885752634,68.1.200.209,-3.2690585,114.6204667
209,Alfonse,Imore,aimore5s@flavors.me,5010121723372091,131.32.185.126,25.611704,110.67167
210,Enrichetta,Pardy,,,116.228.36.64,50.7592361,17.6835478
211,Tabby,Capozzi,tcapozzi5u@example.com,5002359713996772,149.14.66.189,-7.35,-79.033333
212,Janos,Severy,jsevery5v@washington.edu,5002353613031749,,20.6482704,-75.9289046
213,Rufe,Ferri,rferri5w@ucsd.edu,,,26.647661,106.630153
214,Aimil,Witherdon,awitherdon5x@slashdot.org,5108754309361618,14.111.114.7,54.4691259,38.7201031
215,Sondra,Grigg,sgrigg5y@live.com,,237.233.146.81,-8.6192014,122.2058206
216,Hagan,Trusty,htrusty5z@usa.gov,,,31.236833,121.532286
217,Celestine,Jowle,cjowle60@narod.ru,5010125307029282,163.95.246.29,14.6632212,-90.6132158
218,Avie,Bartoletti,abartoletti61@reddit.com,,210.11.101.69,7.8941941,7.0659783
219,Curr,Railton,crailton62@intel.com,,,,110.447063
220,Dody,Deighan,,,217.111.179.177,59.9278844,10.7477822
221,Mabelle,Tuxill,mtuxill64@blogger.com,,22.143.38.163,-0.8667864,-54.9611836
222,Kiley,Massie,,5108759927393943,172.103.254.123,7.4654418,
223,Josee,Moncaster,jmoncaster66@nba.com,5002355788966575,99.240.62.5,4.8949753,38.1001629
224,Pierson,Fincher,pfincher67@canalblog.com,5048373563180839,203.153.44.54,62.0672192,-7.3009701
225,Rhetta,Perton,rperton68@msn.com,5007661775115117,,50.1341084,17.5359489
226,Christophorus,Farnworth,cfarnworth69@youtu.be,5002352251811198,31.137.29.106,45.644891,0.140606
227,Ches,Dik,,,212.205.105.30,50.4351008,15.2414232
228,Rita,Oultram,roultram6b@rakuten.co.jp,,13.86.78.6,39.8314629,116.3220944
229,Vladimir,Lesurf,,,86.150.68.93,-6.167943,106.540052
230,Martica,Gascoyne,mgascoyne6d@e-recht24.de,5010128437836089,,41.3743894,-7.6099869
231,Ewan,Studde,estudde6e@senate.gov,5048376490785497,12.110.195.198,31.919928,35.036911
232,Cristine,Kampshell,ckampshell6f@hatena.ne.jp,,232.231.110.139,40.7275043,-73.9800645
233,Leisha,Donalson,,,233.193.200.39,38.111851,
234,Nicko,Whibley,nwhibley6h@oracle.com,,27.84.78.207,33.24001,68.8663
235,Drucie,Naulty,,5108759598606094,142.242.189.157,-17.7050221,-46.7478493
236,Malissia,Andrioli,,,228.217.109.74,53.2580126,-113.5502218
237,Kass,Spelsbury,,5108759844564956,7.143.78.59,27.171521,119.227978
238,Abbot,Owers,aowers6l@is.gd,5048373680888405,97.13.14.202,23.236168,111.409653
239,Montague,Forrington,mforrington6m@mayoclinic.com,,82.250.2.211,30.045109,120.249049
240,Ashton,Durant,adurant6n@psu.edu,,90.103.128.95,-29.2360837,-51.869606
241,Georgiana,Whitrod,gwhitrod6o@php.net,,,,21.7513868
242,Mike,Wehnerr,mwehnerr6p@godaddy.com,,66.135.94.192,-20.0723762,57.5674318
243,Deeanne,Gorch,,,250.174.90.82,31.479648,93.680881
244,Norine,MacConnel,,,,47.0166139,-68.1430098
245,Jozef,Collie,,5007663155265579,54.144.176.249,1.4888401,
246,Anabal,Hessel,ahessel6t@clickbank.net,,115.175.162.56,14.6632212,-90.6132158
247,Jamil,Coonan,jcoonan6u@wiley.com,5010120404175815,176.134.18.0,-7.4547836,110.5781567
248,Vicky,O'Sheeryne,,,228.122.201.66,14.1864516,-16.6586052
249,Nicky,Reddings,nreddings6w@trellian.com,5010124298018446,83.69.226.6,36.3063646,127.5712809
250,Claire,Cochrane,ccochrane6x@washingtonpost.com,5002354518610082,24.236.205.89,-7.8082295,113.0905501
251,Leanora,Spensly,lspensly6y@altervista.org,5108752913126005,109.83.41.97,41.0677716,-7.6154835
252,Hatty,Getten,hgetten6z@furl.net,5048375716152441,110.227.205.180,64.7633191,21.0631481
253,Patti,Dally,pdally70@marriott.com,,253.157.183.244,22.324743,114.211039
254,Doreen,Proudler,,,208.120.237.59,47.74603,
255,Cathe,Fellibrand,cfellibrand72@state.gov,,184.58.47.43,-3.870003,-38.602824
256,Carolan,Dailey,,,204.132.251.230,42.7352907,24.2595187
257,Colas,Oram,coram74@infoseek.co.jp,,230.198.164.124,14.7268634,100.7830826
258,Roderich,Cosstick,rcosstick75@geocities.com,,39.129.117.132,-6.05,-77.583333
259,Billie,Shmyr,bshmyr76@networkadvertising.org,5002354992014405,86.58.85.104,26.337937,115.36319
260,Daphna,Sydney,dsydney77@nasa.gov,5002354482096029,43.177.70.227,-6.9828037,109.5568089
261,Faber,Verson,fverson78@behance.net,,136.143.20.129,,
262,Ariella,Covey,acovey79@sakura.ne.jp,5048373557701244,,-6.926103,112.884399
263,Godart,Paynes,gpaynes7a@cmu.edu,5010128364322871,,,
264,Pammie,Oswald,,5010129046526624,,36.307064,120.39631
265,Maris,Benedict,mbenedict7c@simplemachines.org,5002354309690152,155.14.161.227,,112.7295639
266,Shandee,Klossmann,sklossmann7d@cnbc.com,5048374917396147,119.50.119.129,40.8328514,44.1103116
267,Vanda,Lawfull,,,45.68.142.131,4.5475154,97.1574784
268,Nanny,Swine,,5002358644174368,131.94.127.105,40.56762,65.67947
269,Fitzgerald,Valintine,fvalintine7g@senate.gov,,33.26.89.132,41.1062224,-7.3199429
270,Elnar,Dignam,edignam7h@psu.edu,5108753171904349,105.15.242.40,26.0952694,119.3062749
271,Shanon,Growden,sgrowden7i@telegraph.co.uk,5010121256203093,182.191.77.69,-27.1192795,29.9682719
272,Waylin,Pauling,wpauling7j@pinterest.com,,137.12.202.214,42.4838334,
273,Thorin,Scarrott,tscarrott7k@youku.com,,161.233.37.250,-19.8182619,-43.1580426
274,Julio,Colegrove,,,189.150.247.208,49.4940668,18.0992378
275,Milzie,Sygrove,msygrove7m@example.com,,,15.9814118,120.8071339
276,Charmane,Staddart,cstaddart7n@wsj.com,5108756223188027,139.113.138.133,30.67705,120.618585
277,Tony,Janota,tjanota7o@storify.com,5048371354487280,190.215.51.58,-6.8958608,111.0579632
278,Otho,Scanlon,oscanlon7p@fema.gov,5048374416754333,17.70.99.164,43.9704382,12.4867883
279,Lonnard,Simmell,,5108755879356094,136.33.219.67,10.3166,123.90114
280,Angelico,Dargue,adargue7r@4shared.com,,221.64.222.108,35.6403478,63.309294
281,Shellie,Baack,sbaack7s@wikispaces.com,5002359163427831,221.177.21.91,40.3821458,-8.4551704
282,Emlyn,Ashmore,eashmore7t@nature.com,5108751846187225,42.72.235.36,3.5951956,98.6722227
283,Holden,Deniset,hdeniset7u@sitemeter.com,,205.244.205.114,-11.4840463,-37.9321875
284,Kathe,Folk,,5108759576320460,83.182.36.13,-34.3306245,-58.7896017
285,Trevar,Chestney,,,140.144.52.104,40.0896078,-7.0929707
286,Cindy,Sipson,,5007660187876209,199.24.54.177,-24.8009137,-65.426487
287,Arty,Eassom,aeassom7y@ibm.com,,229.247.156.43,52.6957717,39.4722994
288,Benoit,Hartin,bhartin7z@facebook.com,5108758135425521,198.60.227.61,45.1338056,41.0192289
289,Ring,Rigg,,,243.129.82.25,43.2367913,21.5915831
290,Bella,Lorenzini,blorenzini81@yandex.ru,5007668101816235,163.213.246.177,,19.8082799
291,Rutter,Eccleshare,,,29.18.75.49,50.3382214,83.5062548
292,Gilburt,Glennie,,,91.29.125.212,41.0285386,72.7392711
293,Donni,Pearlman,dpearlman84@kickstarter.com,,156.127.236.144,40.882377,122.685217
294,Tracee,Hitzschke,thitzschke85@yolasite.com,5010128463917878,73.209.46.11,-15.49357,-71.465973
295,Cassius,Mathe,cmathe86@jugem.jp,5108753058844352,218.2.19.17,-3.0166752,
296,Farrel,Wandrey,,,111.243.174.15,6.426373,
297,Jill,Ratt,,5002357058048738,169.150.39.15,15.7015084,104.6448531
298,Valry,Wilfling,vwilfling89@merriam-webster.com,,113.182.101.215,46.3443125,14.8335492
299,Emmalynn,Scammonden,,5002350826605012,,-7.2510084,106.9600711
300,Bay,Burril,bburril8b@si.edu,5010122717874241,78.152.176.23,19.0779991,-71.8423092
301,Hussein,Vicary,hvicary8c@ow.ly,5048376285032758,160.15.71.41,2.157713,100.8162
302,Hazel,Spellecy,,,88.251.111.138,-1.5923262,31.1419058
303,Casey,Norquoy,cnorquoy8e@adobe.com,,123.199.78.229,58.3963779,15.6592291
304,Vere,Karlqvist,vkarlqvist8f@devhub.com,5007665196286191,200.177.234.146,44.6441061,40.1981432
305,Torrance,Comar,tcomar8g@etsy.com,5002353561147760,8.38.151.196,26.5153766,127.9179732
306,Netty,Shawyers,,,161.155.227.17,-9.435,119.1866
307,Alis,Vice,avice8i@flavors.me,5108754549746362,,,-51.8452266
308,Darla,Eaglestone,deaglestone8j@ycombinator.com,5048376297534585,26.90.242.184,50.9060529,15.3368765
309,Kipper,Snelgrove,,5007663790085945,201.192.101.90,57.961476,-4.031512
310,Griff,Cassam,gcassam8l@example.com,5108754569863766,46.3.170.113,13.9210992,100.5219418
311,Gwenora,Strutt,,,92.209.224.239,39.7686256,-8.4696181
312,Luigi,Minton,lminton8n@utexas.edu,,199.63.52.146,,137.1426455
313,Jaclyn,Whiffin,jwhiffin8o@cisco.com,5108758739437641,,38.8892896,-9.2065507
314,Kristel,Littleproud,,5108751992098796,230.242.70.153,24.22123,90.9081542
315,Jilleen,Tiner,jtiner8q@goodreads.com,,56.244.131.113,51.9850245,
316,Liesa,Brocklebank,lbrocklebank8r@opensource.org,,14.21.173.143,45.9018536,6.121072
317,Shaun,Hellyar,,,93.16.51.203,47.6938287,33.3173912
318,Danella,Abry,dabry8t@usatoday.com,,48.141.69.93,56.546084,13.7445655
319,Winona,Machen,wmachen8u@com.com,5108756995691844,187.183.22.139,,119.9162276
320,Katee,Garratty,kgarratty8v@domainmarket.com,,,32.240853,120.2326771
321,Roselia,Saunderson,rsaunderson8w@privacy.gov.au,,27.82.9.51,-38.0846351,176.6989753
322,Sargent,Batterson,sbatterson8x@archive.org,5007665924530613,5.181.250.118,37.0514525,25.4982396
323,Caz,Lorans,clorans8y@shinystat.com,,161.39.67.41,,114.057865
324,Theressa,Rouch,trouch8z@mtv.com,,,-27.633137,-48.653927
325,Constantina,Janicki,,,155.255.154.248,47.61668,-57.61516
326,Jemmy,Harradence,,5048377870997629,10.170.173.136,18.2291677,-78.1393397
327,Adrianna,Pachta,apachta92@slideshare.net,5048377415141170,142.114.66.232,-8.7733,121.137
328,Art,Martinez,amartinez93@deviantart.com,5010121595649105,167.81.116.255,32.584328,111.948474
329,Valentine,Gapp,,,215.133.67.30,57.9679793,31.6515246
330,Alonzo,Ellar,,,225.116.37.191,18.0435607,100.1031202
331,Beale,Kisbey,,,250.71.63.244,10.407146,5.4699173
332,Lily,Mousdall,lmousdall97@symantec.com,,250.113.204.5,-3.3343297,102.4552546
333,Waite,Witherdon,,,,5.472709,-74.667984
334,Elianora,Dunlop,edunlop99@macromedia.com,5002350688105317,108.227.189.22,61.243306,46.900459
335,Costa,Leabeater,,,91.238.189.60,7.9632405,123.8751554
336,Lombard,Arlow,larlow9b@cloudflare.com,,13.134.99.139,31.03094,103.183075
337,Freddy,Wederell,,5108759290410571,74.229.237.32,6.8217061,79.9984162
338,Charley,Probate,,,,24.130374,110.189462
339,Salli,Riddiough,sriddiough9e@geocities.jp,5010120635443867,55.194.18.25,-6.5573445,107.4292386
340,Edan,Bellson,,5007669490914680,,46.186211,
341,Melanie,Stean,,5048372585101658,66.177.7.23,40.142128,94.661966
342,Isidore,Dulany,idulany9h@chicagotribune.com,,234.6.43.192,18.594395,-72.3074326
343,Reinaldo,Hourston,rhourston9i@elegantthemes.com,5010129001939499,29.70.255.199,42.699311,123.014433
344,Emlynne,Andree,eandree9j@homestead.com,,62.62.37.127,54.5859873,73.6386612
345,Woody,Garling,wgarling9k@chronoengine.com,5002352763438985,92.130.99.242,45.5502218,95.8545767
346,Lannie,Melladew,,,170.140.0.227,51.2291266,46.9776352
347,Port,Sibbons,psibbons9m@liveinternet.ru,,208.101.161.195,49.9636769,18.7713574
348,Eran,Gallemore,,,28.177.113.252,-20.326049,57.7700645
349,Briano,Dumphries,bdumphries9o@cnet.com,,117.126.168.52,49.086678,17.5359749
350,Bridie,Netherclift,bnetherclift9p@uol.com.br,,218.136.92.89,8.920465,125.008956
351,Nessie,Stuttman,nstuttman9q@free.fr,,244.122.142.5,59.5448264,13.5422638
352,Page,Kingcott,pkingcott9r@themeforest.net,,247.229.21.81,-8.2334215,114.3787108
353,Armstrong,Messingham,amessingham9s@auda.org.au,5108751066900422,103.28.38.5,49.6892539,18.3276256
354,Hedda,Merali,,5048377739441660,173.76.237.248,46.1236303,32.2912714
355,Ninette,Tewkesberrie,ntewkesberrie9u@upenn.edu,5108757470361077,52.30.173.231,,125.939697
356,Deeann,Hammel,dhammel9v@icio.us,,107.160.26.192,11.1054336,42.3704744
357,Ernestus,Crozier,,,,5.13151,-1.2794744
358,Vern,Paynes,vpaynes9x@squarespace.com,,112.50.248.52,2.579401,-77.8138553
359,Dionne,Blackston,dblackston9y@icio.us,,,47.577495,130.828626
360,Sibella,Owain,sowain9z@blogspot.com,,8.192.165.195,41.0289533,71.845274
361,Sharia,Sarfatti,ssarfattia0@oracle.com,5108758691050754,23.43.96.92,33.9596334,
362,Rorke,Tunny,rtunnya1@java.com,,117.164.86.26,-7.1293143,111.7033357
363,Vincent,People,vpeoplea2@yahoo.co.jp,,243.252.204.236,-7.9766381,-78.8134873
364,Rosene,Nesbeth,rnesbetha3@cnn.com,,103.255.110.224,-7.167974,108.5077307
365,Benny,Gumary,,5108756628901677,,32.9578909,-102.8518139
366,Frederica,Miners,fminersa5@smugmug.com,,241.234.156.148,53.543617,49.2636336
367,Pauline,Erswell,,,25.140.27.227,,120.013991
368,Cody,Adamsson,cadamssona7@usda.gov,5108755797360640,221.214.17.177,2.1961772,22.4708685
369,Humphrey,Renzullo,hrenzulloa8@vistaprint.com,5048375651714288,20.149.69.182,54.9428925,20.2216245
370,Octavia,Soreau,osoreaua9@jalbum.net,5002357608188240,,51.8846508,17.0729206
371,Cindee,Beckmann,cbeckmannaa@sfgate.com,5108756661748084,227.130.168.219,-7.2475,
372,Farrell,Riddington,friddingtonab@amazon.co.jp,5007667779385820,122.73.12.160,30.5211502,112.8915932
373,Marleah,Stredder,mstredderac@cloudflare.com,,37.113.27.17,7.145296,80.568823
374,Roz,Carreck,,,249.172.88.73,13.514118,144.835735
375,Milton,Larmett,mlarmettae@pinterest.com,5048372260557083,24.76.116.49,-27.7668733,-64.2415554
376,Brandie,Carr,,5048378311525243,30.200.200.95,49.9120778,13.9774742
377,Boycie,Oakenford,boakenfordag@yolasite.com,,148.58.50.34,40.5004933,22.9246383
378,Marys,Heggie,mheggieah@usgs.gov,5108753536888583,114.31.98.174,-8.5853481,-35.3871125
379,Sena,Ingre,singreai@weebly.com,5002359970317894,213.68.81.189,-6.3139863,105.9611748
380,Levin,MacIan,lmacianaj@walmart.com,,68.172.127.231,42.1214396,-80.0852698
381,Horatius,Ciciura,,5108753012276014,92.216.81.156,-7.3405276,106.7057733
382,Neall,Gabbot,ngabbotal@tmall.com,,,-31.4774881,-64.2278386
383,Alissa,Fowells,,,73.137.9.157,40.104785,117.116756
384,Angeli,Otson,aotsonan@wired.com,,18.170.145.82,2.0560112,-77.5160788
385,Euphemia,Clink,eclinkao@topsy.com,5010123938055172,141.145.254.190,38.0818216,140.0392974
386,Giraldo,Rowlett,growlettap@deviantart.com,5048378303846300,67.107.52.160,39.680811,122.967328
387,Cassaundra,Emerton,,,173.133.118.119,-1.259553,104.100502
388,Charlotte,Whitehurst,,,,19.214452,110.019489
389,Nert,Frushard,,,44.157.176.214,30.118912,111.484536
390,Butch,Grave,bgraveat@eepurl.com,5007666060838661,164.240.226.28,23.776981,111.416025
391,Vitoria,Ziemsen,vziemsenau@mayoclinic.com,5010123579370369,222.217.102.163,1.424768,103.6487041
392,Todd,de Clercq,tdeclercqav@example.com,,137.209.15.12,-27.2369945,28.8476254
393,Fannie,Puleston,,5048373038450536,,-10.0662772,38.9276622
394,Marianne,Spours,mspoursax@sbwire.com,5108753156132031,102.84.50.9,13.5009779,7.1036396
395,Odessa,Neath,oneathay@arizona.edu,,184.159.0.156,52.279986,17.3522939
396,Gray,Edginton,gedgintonaz@etsy.com,,78.11.155.173,-6.1078857,106.7791791
397,Alysia,Marshland,,,23.121.171.71,56.8802017,52.2966875
398,Briggs,Aloigi,,5108755794460435,,,121.7983634
399,Josephine,Vautier,,,248.169.66.92,47.7314993,40.2098294
400,Myca,Fluit,mfluitb3@reuters.com,,88.30.136.206,53.9208518,19.0295929
401,Livy,Taffarello,ltaffarellob4@sphinn.com,,148.136.15.117,56.5303315,37.5975489
402,Libbi,Urvoy,lurvoyb5@kickstarter.com,,116.155.117.107,,136.6048742
403,Catherin,Cardis,ccardisb6@trellian.com,,20.48.97.158,-4.203165,-69.935907
404,Marika,Instock,minstockb7@yolasite.com,,,,20.2775059
405,Constance,Giraldo,cgiraldob8@youtu.be,5002352161475431,124.162.119.170,38.8744567,-6.9786326
406,Jessie,Durbann,jdurbannb9@oracle.com,,197.208.112.220,-6.6215219,106.8075136
407,Jarib,Tosney,,,97.57.32.110,-32.2331548,-53.0866941
408,Eberhard,Lesaunier,elesaunierbb@jiathis.com,5007667143361184,105.224.149.34,13.8608665,121.221138
409,Finley,Thurlborn,fthurlbornbc@homestead.com,,,-8.2981893,31.5227266
410,Stacie,Mannie,smanniebd@yelp.com,,,24.803563,115.482733
411,Tabbie,Wisniowski,twisniowskibe@taobao.com,5108754918318710,205.7.100.28,52.1682974,17.8955629
412,Maude,Holley,,,,22.8311155,113.2516686
413,Jone,Skells,jskellsbg@hp.com,,57.91.145.149,14.5815638,121.0677092
414,Kitti,Srawley,ksrawleybh@cnbc.com,,183.85.193.168,25.8142164,66.6278395
415,Cobby,Gierardi,,,109.47.38.73,23.359121,
416,Annabell,McVitie,amcvitiebj@timesonline.co.uk,5010122842753393,255.180.94.253,31.476202,92.051239
417,Peggy,MacKegg,pmackeggbk@theguardian.com,5048376531894761,75.89.28.27,57.2992579,39.8548496
418,Donalt,Mungane,dmunganebl@uiuc.edu,5007668073522936,241.135.244.18,45.8022541,17.497172
419,Yehudit,Bonnett,ybonnettbm@geocities.com,5007662122660011,,40.0341373,-8.41643
420,Jorrie,Duffell,,,143.207.84.201,29.483344,-98.5207797
421,Lianne,Ducker,lduckerbo@free.fr,,1.85.162.154,52.1412597,20.8418962
422,Aime,Chetham,achethambp@nationalgeographic.com,,171.39.172.43,-9.4449608,119.2311118
423,Boy,Scintsbury,bscintsburybq@netvibes.com,,,-7.0827518,108.5166348
424,Parrnell,Partington,ppartingtonbr@stumbleupon.com,,54.192.43.223,43.285793,17.0893798
425,Amye,Rushmare,arushmarebs@go.com,5048372795015672,62.123.167.197,-8.0402,111.6023
426,Jamal,Bream,jbreambt@chronoengine.com,5010121737917188,82.181.79.143,,-82.9447782
427,Gan,Tucker,gtuckerbu@wikia.com,,197.210.188.7,35.3364517,-97.6222665
428,Rianon,Glaserman,rglasermanbv@phoca.cz,,232.61.100.182,9.1254001,98.8803925
429,Wenda,Ferns,,5010128658334244,40.7.45.167,46.9167921,36.8246053
430,Sherry,Bernardon,sbernardonbx@ameblo.jp,5108759715230471,78.79.233.33,44.9688472,-93.1315648
431,Chadd,Kasperski,ckasperskiby@homestead.com,,41.185.29.81,9.4387872,
432,Craggy,Boutellier,cboutellierbz@amazon.com,5010129754920332,123.1.107.100,36.1899557,117.1168644
433,Shelagh,Iacoboni,siacobonic0@smugmug.com,5007668607350689,169.241.200.181,,110.346166
434,Jacquelin,Balfour,jbalfourc1@japanpost.jp,5108758897965599,144.160.238.127,16.2725431,107.9394761
435,Karleen,Stonner,kstonnerc2@rediff.com,5007667133234854,163.168.136.47,38.8991558,-77.0380148
436,Retha,Jayne,rjaynec3@geocities.jp,,,14.8700544,120.7622529
437,Rudolph,Bennitt,rbennittc4@oracle.com,,43.198.46.247,,9.7678687
438,Melodie,Dobbin,mdobbinc5@example.com,5010124203283424,177.29.185.253,57.007322,39.2695629
439,Samaria,McIlherran,smcilherranc6@epa.gov,5048371061549802,96.211.218.245,26.05045,118.775821
440,Esme,Chomicki,echomickic7@issuu.com,5002357043576058,145.119.244.232,34.728584,
441,Stanislas,Crennan,scrennanc8@instagram.com,5048375915931934,218.119.240.237,,109.386682
442,Vannie,Scadding,vscaddingc9@last.fm,,38.245.119.144,18.4678653,-69.9791319
443,Brina,Tustin,btustinca@hatena.ne.jp,5002354435016942,33.56.154.173,43.492878,82.415548
444,Doe,Sponder,dspondercb@shop-pro.jp,,244.107.217.75,31.32847,118.892085
445,Berkley,Zanitti,,5048374694954019,157.24.181.249,7.1000051,4.8416936
446,Vera,Berriball,vberriballcd@over-blog.com,5002353234398246,83.8.200.166,43.089588,40.702579
447,Nester,Berens,,,61.197.56.108,30.2787798,120.4583412
448,Bear,Thomazet,bthomazetcf@sun.com,,88.73.227.230,28.701403,117.194396
449,Darcee,Masterton,dmastertoncg@sohu.com,,,48.891587,2.2408938
450,Ethelin,Corselles,ecorsellesch@apache.org,,64.198.136.69,,18.7971435
451,Tiffani,Swale,,,18.38.89.24,13.8013,32.4078
452,Jacquette,Marchington,jmarchingtoncj@amazon.co.jp,5007667006758260,141.25.234.137,14.3407483,121.0650042
453,Cassondra,Ratley,,,204.226.20.65,16.3047672,-95.244405
454,Gwenneth,Deveril,gdeverilcl@wix.com,,42.27.118.157,41.274605,-8.0974429
455,Dareen,Corragan,,,91.183.254.220,50.2072224,23.5464675
456,Arlee,Van der Son,avandersoncn@fema.gov,,184.240.139.143,-6.4712737,110.8171082
457,Ethelind,Porker,eporkerco@quantcast.com,5048374961439439,114.32.47.103,39.3442902,-8.9534587
458,Scarlett,M'Quhan,,5007668800448371,74.248.254.198,31.7238883,119.9481515
459,Clarice,Vinson,,,87.201.40.227,39.4381452,-8.5116903
460,Collin,Sympson,csympsoncr@shinystat.com,,193.129.52.50,31.7338222,118.8719394
461,Dennie,Kabos,dkaboscs@craigslist.org,,,31.57112,35.23227
462,Grover,Bilbie,,,51.116.127.194,6.7368274,2.6636066
463,Yank,Rutigliano,yrutiglianocu@instagram.com,,77.252.118.175,55.662882,37.5826719
464,Hillard,McPhail,hmcphailcv@freewebs.com,5048370146207972,140.32.177.243,-6.7348499,107.0103733
465,Cirstoforo,Merrin,cmerrincw@mashable.com,,100.190.73.224,-6.926103,112.884399
466,Karin,Antunes,kantunescx@slashdot.org,,,13.9317086,99.7846002
467,Kimmie,Haps,khapscy@merriam-webster.com,5007661181622052,,47.1844184,35.1072745
468,Bobbe,Sparshutt,,5108754734489992,100.58.6.227,32.162413,34.844675
469,Henry,Stirman,hstirmand0@dmoz.org,5048372149981785,,35.3292328,24.3359662
470,Prue,Pykerman,ppykermand1@nasa.gov,,6.60.195.131,47.7809616,-2.1084626
471,Drusi,Gill,,,240.12.127.117,50.1262873,20.1024758
472,Kristien,Clarke,kclarked3@studiopress.com,,5.145.89.177,58.4016114,13.8639082
473,Todd,Alexandersson,,5002358260712988,52.106.181.77,20.9006356,94.8261424
474,Malanie,Bessom,mbessomd5@aboutads.info,,129.139.157.67,13.8354819,-88.9856574
475,Tate,Le Grand,tlegrandd6@nature.com,5010128880789686,53.233.239.130,30.453667,114.872199
476,Enrique,Van Giffen,evangiffend7@dyndns.org,,,30.592849,114.305539
477,Dennis,Spradbery,dspradberyd8@wikipedia.org,,,15.983333,44.233333
478,Urbanus,Brazil,ubrazild9@google.com.br,,,41.8639083,59.6326482
479,Eveleen,Webburn,ewebburnda@dedecms.com,5002355670115042,230.122.243.72,31.323217,119.445437
480,Hubey,Muzzall,hmuzzalldb@mozilla.org,,99.51.216.152,41.340135,-8.1456405
481,Daryn,Lumsdon,dlumsdondc@issuu.com,5108759961100105,173.79.13.99,51.8677116,16.4856013
482,Barrie,Verrall,,,217.115.2.32,31.2202231,121.3602686
483,Brandea,Croyser,,,116.88.254.228,7.7381338,122.8349537
484,Joyann,Mannock,jmannockdf@sohu.com,5048376263065846,,36.599744,101.803717
485,Clarance,Skeemor,,5010120703581465,119.91.203.130,1.5484759,103.7983752
486,Tana,McGeraghty,tmcgeraghtydh@shop-pro.jp,,86.66.63.156,56.4428126,59.129251
487,Gerianna,Catterick,,5010125544572912,101.93.182.15,43.2020428,46.134662
488,Myrwyn,Gallyon,mgallyondj@booking.com,,139.37.149.140,32.601214,119.17604
489,Wayland,Calfe,wcalfedk@geocities.com,5108754070922770,17.239.104.149,23.3854292,113.4895468
490,Will,Marshman,wmarshmandl@skyrock.com,5002351976645030,180.201.191.134,45.0386871,3.103119
491,Dewey,Machen,dmachendm@comsenz.com,5007668973267061,69.51.157.27,50.5271016,15.4815563
492,Lynnelle,Waggatt,lwaggattdn@msu.edu,,55.79.159.101,30.877555,119.420935
493,Tab,Mowat,tmowatdo@spiegel.de,,223.91.161.76,49.579879,17.289051
494,Emlynne,Doudny,edoudnydp@narod.ru,5108750303719074,25.189.13.143,6.2958736,101.7296049
495,Laure,Jenking,,5010123857398678,94.112.214.24,1.4081109,-77.391527
496,Cristi,Woolhouse,cwoolhousedr@freewebs.com,5002359793975456,1.3.209.143,51.8910459,-8.4242597
497,Moshe,Gilling,,,94.127.180.74,18.1096868,-95.8803869
498,Odelle,Cahani,ocahanidt@trellian.com,5108756245480394,,28.821772,90.047034
499,Frederique,Sterrick,fsterrickdu@taobao.com,,37.177.88.207,50.3901526,106.1051454
500,Allx,Dibdin,adibdindv@howstuffworks.com,5048371704256138,177.225.202.9,47.9318074,5.2893597
501,Cecilla,Antosik,,,,42.280524,118.928688
502,Trudi,Vaskov,tvaskovdx@google.es,,90.118.122.20,54.7974136,24.571229
503,Luelle,Wilsey,lwilseydy@soundcloud.com,5007660558619741,222.44.66.22,11.3451287,-72.3628361
504,Cecile,Thairs,,,75.153.103.247,-9.581512,-77.7072909
505,Carlynn,Jewiss,,,65.147.234.71,30.397162,120.855089
506,Cacilia,Causer,ccausere1@tumblr.com,5007661795627935,187.42.189.159,10.2343685,-64.591805
507,Oralla,Germain,,,186.195.98.28,-8.0796655,113.3049491
508,Kiele,Sutch,ksutche3@toplist.cz,5108753944942592,61.206.178.224,-31.3540428,-64.1582003
509,Abraham,Backwell,abackwelle4@paginegialle.it,,187.109.98.244,-22.5845295,
510,Sonnie,Sember,ssembere5@oracle.com,5048375306203745,210.5.196.80,31.135176,121.439288
511,Wilfred,Pavy,wpavye6@nsw.gov.au,,196.167.178.58,-2.3549763,115.5088914
512,Agnesse,Normanville,anormanvillee7@is.gd,5007665962341022,29.216.73.23,50.8525432,21.384343
513,Rex,Ledward,rledwarde8@bloglines.com,5048376294344772,,-24.7902746,-49.7728757
514,Bram,Josovitz,bjosovitze9@alexa.com,,119.62.53.92,-26.4105245,-57.1154122
515,Gerrard,Corrison,,,116.35.221.113,41.8639083,59.6326482
516,Sidnee,Tremmil,stremmileb@soup.io,5002354822565949,250.241.105.114,32.983101,107.766613
517,Alfreda,Koene,akoeneec@dedecms.com,5002352091263105,2.13.144.88,10.5922194,123.4845632
518,Angil,Maydwell,amaydwelled@reuters.com,5002359589293015,97.169.154.197,,-84.5169757
519,Gabriella,Fiddymont,gfiddymontee@yellowbook.com,,142.102.20.176,37.73892,115.670177
520,Hamel,Asquez,hasquezef@alexa.com,,190.175.110.169,,123.1965
521,Jonell,Aguirrezabal,jaguirrezabaleg@nationalgeographic.com,,47.141.172.154,6.1205312,-75.2803017
522,Rosaleen,Manshaw,,5108757165174470,81.225.225.56,35.6553472,139.5476397
523,Correy,Leman,clemanei@seattletimes.com,,131.225.42.84,14.0767924,121.3439494
524,Mahmud,Stansfield,mstansfieldej@blogger.com,5007669699077099,133.201.199.63,-6.8898362,
525,Thom,Rolfo,trolfoek@ovh.net,,128.228.81.192,13.7401075,-87.7135671
526,Kellby,Harmeston,,,20.6.249.209,22.058407,110.792856
527,Sibel,Pickthorne,spickthorneem@mozilla.com,,72.199.216.228,43.6505222,-79.3990401
528,Ely,Lofts,eloftsen@imageshack.us,5002353942885146,,31.644606,119.781147
529,Wheeler,Mossman,,5048371295359804,198.41.142.171,30.199389,115.035151
530,Leeanne,Blunkett,lblunkettep@mayoclinic.com,5108758994374745,13.241.29.210,29.815139,121.300551
531,Caren,Barrus,,,116.210.223.145,28.46763,119.922796
532,Noel,Chataignier,nchataignierer@geocities.com,,,26.789958,114.908872
533,Laurel,Cleaveland,lcleavelandes@w3.org,,73.7.233.143,50.98317,-118.2023
534,Tommi,Arpino,tarpinoet@google.com,5002357414549957,40.208.243.216,46.774511,130.633035
535,Sancho,Leadbetter,sleadbettereu@baidu.com,,239.122.197.171,-9.7923047,124.4669566
536,Lonee,Getty,lgettyev@usda.gov,,199.55.155.15,-7.7276103,110.8582722
537,Derby,Renvoise,drenvoiseew@prnewswire.com,,135.45.132.155,40.9837776,-7.6593048
538,Ailbert,Slaten,,,,37.9746194,23.6412944
539,Mallissa,Litchfield,,5007660823010056,40.214.49.87,21.547821,107.971826
540,Chad,Krier,,,251.21.163.246,-3.7580937,102.7942473
541,Carlynne,Glenfield,cglenfieldf0@nih.gov,5002351498365786,224.16.190.92,33.75,-84.39
542,Etty,Rosso,erossof1@blogtalkradio.com,,246.2.26.23,47.0682122,-0.8494862
543,Elliott,MacNeilly,emacneillyf2@ft.com,5108756631979082,177.165.32.202,-5.018945,119.572183
544,Lucius,Ceccoli,lceccolif3@sciencedirect.com,,147.129.226.170,23.236168,111.409653
545,Martainn,McPhelimy,mmcphelimyf4@jugem.jp,,102.78.81.85,30.5312657,-7.9238785
546,Gustavo,Gero,ggerof5@deliciousdays.com,,117.234.8.91,-19.44276,46.751492
547,Alvis,Fulleylove,afulleylovef6@youtu.be,,241.184.76.108,1.424768,103.6487041
548,Tome,Fullard,,5108754587605934,157.106.118.127,28.845441,121.131229
549,Cointon,Tatershall,ctatershallf8@nationalgeographic.com,,100.98.138.119,-9.2623446,-77.6929792
550,Hoyt,Karlicek,hkarlicekf9@digg.com,5048375320314288,221.207.182.17,57.9869523,16.3149736
551,Jobye,Sorby,,,218.13.216.81,,111.214922
552,Gregoire,Dentith,gdentithfb@dyndns.org,,218.84.143.183,36.02528,14.295
553,Cymbre,Wilmore,cwilmorefc@tripod.com,5002357992698259,51.122.187.12,57.3356106,
554,Allyce,Towey,atoweyfd@addthis.com,,240.196.87.95,14.4967483,120.991762
555,Bond,Treen,btreenfe@timesonline.co.uk,5108751950200459,126.141.157.91,,14.3775361
556,Leola,Skellen,lskellenff@wp.com,,6.84.3.133,56.010958,14.731627
557,Gunner,Betchley,gbetchleyfg@networksolutions.com,,,44.718853,94.192003
558,Rafferty,Lobbe,rlobbefh@reference.com,5108752280104528,104.49.153.179,20.5476734,105.9347384
559,Lowell,Thornewill,lthornewillfi@behance.net,,64.138.53.100,41.28932,111.206475
560,Karilynn,Lichtfoth,klichtfothfj@addthis.com,5048378494696084,23.22.189.3,19.3803931,-99.1476908
561,Phip,Carillo,pcarillofk@ucla.edu,5108756075291267,198.253.43.38,14.641705,120.4786045
562,Iosep,Dougharty,,5007665220794350,80.54.111.217,38.1724824,15.5445064
563,Phillie,Argabrite,,5010125745219321,170.89.46.12,39.0063718,117.6852235
564,Sallie,Dulanty,,,233.64.252.75,-21.1379949,-47.990137
565,Thedrick,Ygo,,,,27.171779,111.62224
566,Earvin,Jacobovitz,ejacobovitzfp@cdc.gov,5108758468660710,87.92.101.3,45.1458598,16.018026
567,Wyndham,Jerromes,wjerromesfq@rambler.ru,,154.47.134.85,,125.84222
568,Dell,Hendin,,,100.47.152.249,42.5556547,1.5330732
569,Vonnie,Coultar,vcoultarfs@nifty.com,,165.80.128.40,,15.909036
570,Petunia,Pett,ppettft@psu.edu,,56.251.83.217,4.0892492,9.3146014
571,Talyah,Beake,tbeakefu@gizmodo.com,,46.235.37.69,-7.0894174,114.0458275
572,Thalia,Wetherick,twetherickfv@amazon.com,,107.5.63.236,50.7113724,25.8291867
573,Giorgi,Venning,gvenningfw@is.gd,5108759887362631,100.211.113.169,32.623453,35.316723
574,Valida,Reimers,,,35.42.224.205,46.5010451,15.1077845
575,Carlie,Verrico,cverricofy@com.com,,204.99.198.242,41.5122699,-8.4650216
576,Conrado,Cook,,,189.64.12.114,6.4532257,-1.5838477
577,Petronilla,Churly,pchurlyg0@google.pl,5108756570601408,158.29.137.10,39.9870663,48.4692545
578,Dion,Breach,dbreachg1@themeforest.net,5048373422581102,221.146.175.21,39.7317899,-8.9338952
579,Cesaro,Olesen,coleseng2@privacy.gov.au,5108759909388549,49.137.251.78,32.644699,117.743378
580,Marty,Whitecross,mwhitecrossg3@creativecommons.org,,66.199.80.217,23.10848,-82.2474648
581,Levy,Goane,,5048371936488210,70.20.245.64,28.11579,119.573397
582,Auguste,Dignum,adignumg5@ebay.com,5048373807783505,148.77.103.151,14.1507357,120.878102
583,Darrick,Szymanowski,dszymanowskig6@home.pl,5108753095639500,37.240.241.20,41.5608072,-8.5863716
584,Dina,Jeffs,djeffsg7@google.pl,,,36.5806067,10.8620804
585,Brandi,Levings,,5108757332033351,68.39.37.52,32.7324624,36.0621579
586,Malinda,Dubois,mduboisg9@live.com,5002359301714744,151.222.31.11,-34.5954682,-58.5124071
587,Ferrell,Kenaway,fkenawayga@usa.gov,5048374637484686,157.12.242.34,30.334768,106.93038
588,Hailey,Gammack,hgammackgb@reddit.com,5010128318489594,89.189.105.159,9.0707553,-79.4816378
589,Minerva,O'Curneen,mocurneengc@cnet.com,5010122507631553,,24.168957,102.405819
590,Malanie,Keelin,mkeelingd@g.co,5007669058372529,254.86.176.207,,-117.1343318
591,Verine,Hamsher,,5108755921799531,97.0.108.99,28.682892,115.858197
592,Elston,Retchless,eretchlessgf@harvard.edu,,4.91.241.206,-28.4681949,-62.8239098
593,Nita,Alleburton,nalleburtongg@hhs.gov,5007661448507617,133.252.123.238,28.1904306,112.9857433
594,Gard,Kalinowsky,gkalinowskygh@ed.gov,5002357294581278,159.171.86.62,56.854995,26.2255149
595,Shadow,Miners,sminersgi@amazon.de,5048373278253905,,14.7596318,121.0589081
596,Diane-marie,Holston,dholstongj@newyorker.com,5108757518592154,193.126.201.45,,91.8696765
597,Julieta,Dobeson,jdobesongk@alexa.com,,177.50.18.10,22.2724243,105.8804085
598,Celestyna,Englishby,cenglishbygl@creativecommons.org,,2.152.236.1,53.2948229,69.4047872
599,Ashien,Eglin,,5010125225291923,210.141.239.31,6.8217061,79.9984162
600,Libbey,Atcheson,latchesongn@nbcnews.com,5007665630480152,193.234.125.185,51.2291266,46.9776352
601,Leilah,Crowther,lcrowthergo@intel.com,5048374237458742,,14.7247931,121.0315758
602,Rica,Brislen,rbrislengp@delicious.com,5048372373366893,245.149.95.124,34.107815,108.602317
603,Barnebas,Ficken,bfickengq@gravatar.com,5048376946886055,32.164.230.152,-7.7072394,110.500097
604,Jehanna,Hiorn,jhiorngr@mashable.com,5048378299998198,96.254.86.83,19.6677746,-72.6757236
605,Bryan,Heugh,,,200.81.247.63,8.047281,-69.3339418
606,Duky,Stringfellow,dstringfellowgt@chron.com,,40.248.29.118,-22.30275,
607,Marshall,Jeannenet,,,110.210.65.78,-21.0156896,-48.7794089
608,Eal,Matousek,ematousekgv@webeden.co.uk,,4.167.148.195,38.172697,114.572919
609,Tonya,Frensch,tfrenschgw@unesco.org,,25.175.21.213,25.783198,109.607675
610,Opaline,Zeal,ozealgx@ebay.com,,226.49.111.205,14.5338735,121.0220037
611,Marmaduke,Insworth,minsworthgy@barnesandnoble.com,5002355580229313,122.198.169.115,42.8983715,71.3979891
612,Erie,Standidge,,5108759674296547,134.184.26.222,,114.392392
613,Fabien,MacDowall,fmacdowallh0@forbes.com,,9.224.19.65,52.969667,122.539307
614,Kai,Dighton,,5108755379929911,22.156.151.172,,113.459749
615,Hakim,Bridden,hbriddenh2@gnu.org,5007666233351261,237.118.25.102,49.7821352,23.6611306
616,Elizabeth,Rushbrooke,erushbrookeh3@npr.org,,93.78.153.73,48.4978938,30.9365392
617,Ase,Woolaghan,awoolaghanh4@addtoany.com,,56.209.38.139,8.6128567,81.2179434
618,Augustine,Noell,,5108754932723960,166.90.255.135,40.1422779,
619,Farley,Leuren,fleurenh6@phpbb.com,,4.99.131.33,43.7745094,16.8628891
620,Town,Baudone,tbaudoneh7@google.nl,,37.165.143.131,9.477773,-84.2662901
621,Ellary,Nerger,energerh8@github.io,,26.192.112.116,,19.59306
622,Pren,Sleight,psleighth9@redcross.org,5007660912135319,251.208.77.211,59.2421439,14.2330452
623,Tybalt,Milby,tmilbyha@soundcloud.com,5048370522116227,122.63.127.232,-8.321199,116.5963713
624,Gennie,Smowton,gsmowtonhb@xing.com,,134.121.148.233,36.706962,119.161748
625,Andros,Brahm,,,230.147.126.37,11.4967991,122.6946707
626,Westleigh,Petrelli,wpetrellihd@youtube.com,5010120868508667,,31.2371338,121.498955
627,Edd,Leopold,,5010122781942080,132.108.168.20,49.275632,13.8214707
628,Farrell,Zimmer,,5002355272900858,,55.983852,92.8465307
629,Fletcher,Warnes,fwarneshg@prnewswire.com,,19.199.104.189,41.3402313,-8.3633682
630,Blakelee,Dragon,bdragonhh@tuttocitta.it,,174.193.198.109,-8.4034458,112.5391259
631,Clark,Keiley,,5010121481480318,,7.766667,-71.466667
632,Mark,Quipp,mquipphj@ask.com,5048373267291502,47.68.48.43,45.1934857,5.7218985
633,Boycey,Deinhardt,bdeinhardthk@bbb.org,5108755997281547,79.122.212.209,7.5286908,1.1305049
634,Daffie,Mitchely,,,26.250.121.129,6.647477,101.2353772
635,Eula,Warrior,ewarriorhm@addtoany.com,,245.155.182.252,43.9307146,4.8743415
636,Matt,Hufton,mhuftonhn@feedburner.com,5002351397821921,,,-57.1746259
637,Veda,Lerohan,,,,44.8205124,33.6035054
638,Meridith,McFeate,mmcfeatehp@dell.com,5007666649195864,,-29.4130611,-53.024918
639,Nata,Menilove,nmenilovehq@huffingtonpost.com,5007664450394544,178.152.81.198,23.642114,104.888718
640,Karlyn,Petrak,kpetrakhr@netlog.com,,185.213.44.141,-7.4220343,106.7529514
641,Shamus,Stockin,sstockinhs@weebly.com,,186.26.90.102,19.1168606,-70.6097821
642,Arel,Mughal,amughalht@google.cn,5048378702899009,154.178.212.113,-7.1988888,107.5505152
643,Evonne,Hovington,ehovingtonhu@usatoday.com,,116.215.94.167,4.727773,-76.121514
644,Eyde,Spincke,espinckehv@time.com,5048371001550068,168.190.213.68,19.6616066,-71.8363794
645,Leisha,Stanborough,lstanboroughhw@ning.com,5010123291574074,,21.104739,-101.670897
646,Alaster,Nolot,,5048373125757421,148.54.164.60,-28.3006117,-54.2673083
647,Bette,Londing,,5108751169653902,196.65.224.190,21.3026143,105.3014109
648,Aloysius,Janu,ajanuhz@ft.com,5048377305017308,220.23.233.85,30.940195,118.75868
649,Gardiner,Pine,gpinei0@army.mil,5048376774785312,140.10.166.22,-9.4118909,124.4918988
650,Pippo,Aloshkin,,,250.231.213.228,-29.7127463,-51.2422395
651,Maurice,Marmion,mmarmioni2@ihg.com,,31.35.60.123,37.5330237,140.628425
652,Hymie,Chattell,,,119.131.161.112,34.73564,105.32632
653,Livia,Swainger,,,222.8.93.218,-3.446207,30.2512728
654,Brock,Jarrard,,,87.31.97.160,49.7287057,20.1353402
655,Yorgo,Cradock,ycradocki6@fastcompany.com,,164.93.52.255,-6.313084,107.982597
656,Levy,Longfellow,llongfellowi7@opensource.org,5048370244142121,22.97.142.7,52.6057865,21.8949682
657,Dehlia,Nunn,dnunni8@blogtalkradio.com,,161.122.28.47,50.1752701,13.4331372
658,Ezmeralda,Tresler,,5010121893060021,136.29.185.149,,102.4839212
659,Teirtza,Hew,thewia@newyorker.com,5048376104710295,206.144.129.200,57.2790167,35.2242376
660,Moishe,Caillou,,,103.118.180.56,41.2349471,23.3938203
661,Molly,Ryley,mryleyic@twitter.com,,96.52.188.79,-6.38706,106.82725
662,Morrie,Yeoman,myeomanid@japanpost.jp,5010126092660778,241.9.237.213,42.2064232,42.3448676
663,Cori,Battaille,cbattailleie@samsung.com,,3.228.67.29,54.7624683,48.6849571
664,Nate,Penny,npennyif@mapquest.com,5007667625767023,118.243.241.159,58.2816546,11.4679865
665,Illa,Merring,,,181.126.19.255,-25.877477,28.313059
666,Kathryn,Malkie,kmalkieih@macromedia.com,,133.187.239.86,41.2,-111.98
667,Giovanni,Slane,gslaneii@yandex.ru,5010121803648097,50.174.106.42,51.1625615,54.9809527
668,Lisha,Khilkov,lkhilkovij@bizjournals.com,,77.176.250.196,-2.269994,110.724701
669,Maxwell,Coronado,,,174.229.157.70,,32.3875825
670,Basilio,Kelsell,bkelsellil@amazon.de,5048377213212660,178.29.41.38,58.7239855,59.4504627
671,Nathalie,Keinrat,nkeinratim@home.pl,,57.220.66.135,-15.24381,-70.265129
672,Lezlie,Levis,llevisin@hibu.com,5007661515126119,,-8.5793,121.57227
673,Symon,Ketley,sketleyio@businesswire.com,,236.83.103.190,-8.9965182,125.5083136
674,Cecil,Hakking,chakkingip@instagram.com,,60.24.171.149,44.0766295,132.3885311
675,Ginger,Batram,gbatramiq@elegantthemes.com,5108755886313997,198.241.65.188,38.2800079,21.8330106
676,Eba,Tremathick,etremathickir@netvibes.com,,59.250.112.154,46.7260141,142.5226178
677,Florida,Wreakes,fwreakesis@pagesperso-orange.fr,5007660184369281,86.9.253.109,44.0407757,16.1964988
678,Meredithe,Guisot,mguisotit@msn.com,5002357261510706,115.229.151.184,54.6186348,18.3257
679,Hastings,Whitham,,5007664314050035,141.81.70.170,46.8071439,33.5698471
680,Dallas,Lewendon,,5010125337145363,152.61.162.147,,
681,Jewel,Duggleby,jdugglebyiw@sakura.ne.jp,5108758646398845,197.255.253.149,22.266978,113.502213
682,Kyle,Minithorpe,kminithorpeix@privacy.gov.au,5007663937972534,120.66.182.115,41.1850062,-8.2995005
683,Purcell,Phelps,,5048371790628679,191.157.156.161,52.2681666,20.4632209
684,Bink,Addess,baddessiz@yellowpages.com,5048372064152347,252.7.65.49,49.69427,22.0193601
685,Corry,Duckfield,cduckfieldj0@zimbio.com,,78.20.188.21,59.0836123,16.18741
686,Kristo,Rehme,krehmej1@opera.com,5007665657000586,,36.400577,106.744204
687,Kiel,Cordes,,,160.216.254.186,59.3192962,13.5389591
688,Rosaline,Mavin,rmavinj3@wix.com,,88.7.250.75,15.9880572,120.3487416
689,Joe,Mattea,,5010128681588477,40.171.106.192,22.654032,110.18122
690,Norbie,Roll,nrollj5@de.vu,5010120102444828,191.235.51.242,29.852891,114.298711
691,Ezra,Deme,,5010123901897592,90.247.193.136,22.948016,113.366904
692,Bron,Collete,bcolletej7@jiathis.com,5108753814416685,200.63.93.244,36.097577,114.392392
693,Dov,Calverd,dcalverdj8@indiegogo.com,5108758624429802,,6.4791846,124.6644348
694,Erna,Simmank,,,,-7.8184706,110.3922413
695,Constancia,Mothersole,,5002357151568855,241.83.69.146,50.8777778,6.0781852
696,Kylen,Connichie,kconnichiejb@theglobeandmail.com,,5.237.177.204,53.4231032,-7.9428197
697,Eleonora,Pigeon,epigeonjc@vimeo.com,,25.15.129.2,40.104785,117.116756
698,Ernestus,Durnford,edurnfordjd@jigsy.com,,227.132.147.105,38.8066531,-9.3199202
699,Dennet,Huttley,dhuttleyje@pcworld.com,,98.254.7.198,-14.06355,32.4382307
700,Page,Seeger,pseegerjf@artisteer.com,5007663324936613,,18.9364797,-70.41976
701,Seward,Croad,scroadjg@indiegogo.com,5048378703772346,174.121.164.179,42.3383958,130.3874889
702,Jacquenette,Pumphreys,jpumphreysjh@yahoo.com,,10.127.15.173,-14.2713338,50.1678121
703,Rhetta,Wiszniewski,rwiszniewskiji@marketwatch.com,,109.205.248.119,,13.6589423
704,Danica,MacAree,dmacareejj@prnewswire.com,5002359618513912,245.34.82.34,25.3148115,55.958135
705,Willey,Cleaves,wcleavesjk@facebook.com,,118.200.79.251,55.7646,37.6911
706,Aluino,Tinman,atinmanjl@facebook.com,,224.232.99.45,-26.2304116,-65.2825779
707,Gardner,Maciaszczyk,gmaciaszczykjm@sciencedaily.com,,225.8.146.148,39.07472,
708,Sergeant,Lemary,,,45.145.8.221,48.9933962,14.5417888
709,Catherine,Balch,cbalchjo@usatoday.com,5002353445934136,187.222.160.56,-3.3472662,120.3089541
710,Dinnie,Verillo,dverillojp@earthlink.net,,245.10.67.156,8.539947,99.940316
711,Mandy,Ludlem,mludlemjq@ted.com,,246.79.124.9,49.8474618,19.1473808
712,Legra,Jezzard,ljezzardjr@economist.com,5108757487871886,130.136.75.243,-7.6695988,109.9526633
713,Andeee,Badcock,abadcockjs@pbs.org,,13.86.13.249,13.7246078,100.5148471
714,Enrika,Westoll,ewestolljt@bigcartel.com,5007665644984660,,52.783041,126.540917
715,Kristoffer,Dunbar,kdunbarju@cnet.com,,,40.8103206,19.9199137
716,Jillayne,Loudyan,jloudyanjv@nymag.com,,187.133.152.166,30.5383808,72.7017794
717,Edsel,Tailby,etailbyjw@usa.gov,,176.78.138.108,-8.2631,113.8575
718,Rhoda,Reading,rreadingjx@com.com,5048375345429335,221.113.186.224,44.9263486,2.4396467
719,Hilliary,Seatter,,5048376995339444,233.17.61.53,-45.5712254,-72.068265
720,Jarrid,Heald,,,,33.5583385,36.3660597
721,Isa,Larvent,ilarventk0@omniture.com,5002352089629283,176.96.54.201,47.6949791,28.9654659
722,Clea,Pimme,cpimmek1@unblog.fr,,,37.8199686,140.5540146
723,Daren,Tripon,dtriponk2@google.nl,,66.110.21.186,,106.8915948
724,Georgia,Wickie,gwickiek3@cpanel.net,,189.57.77.99,-3.7127631,-43.8673222
725,Demetris,Mallabund,,,160.70.75.18,35.8504632,140.3548218
726,Wadsworth,Sapauton,wsapautonk5@marketwatch.com,,,29.1416432,119.7889248
727,Waylon,Roglieri,wroglierik6@over-blog.com,5010124358513252,83.219.64.173,-20.0391408,57.6495717
728,Reinwald,Ambridge,rambridgek7@mit.edu,,210.70.145.152,50.1267067,45.4468585
729,Elysia,Samarth,esamarthk8@columbia.edu,,170.217.152.214,0.783255,102.069801
730,Aridatha,Barwood,abarwoodk9@google.com,5108753641562347,189.141.39.224,43.15,25.65
731,Quentin,Slaight,qslaightka@who.int,,147.212.173.35,,19.4629659
732,Otes,Flacknoe,oflacknoekb@wufoo.com,5108753244306555,43.53.102.23,55.5446591,13.9636888
733,Selig,Accum,saccumkc@ed.gov,5108750512887688,,-6.858925,108.2080973
734,Fernande,Parcall,,,,55.662882,37.5826719
735,Kelcey,McWhannel,,,235.35.254.248,9.2610914,0.7770529
736,Quent,Matthews,qmatthewskf@cdbaby.com,5002358248271917,131.24.224.128,,5.4757709
737,Tabor,Mee,,5108756066617942,205.202.89.231,44.5722923,18.3753175
738,Camille,Maunder,,,,52.5928523,21.458395
739,Manny,Buxsey,,5002359573651236,,-5.1031698,-79.88468
740,Bernardo,Wooller,,,176.127.127.234,-6.9535762,108.8521777
741,Rabbi,Yerrell,ryerrellkk@cargocollective.com,5108758628143904,244.100.119.113,6.9130451,-73.9712488
742,Michele,Spaducci,mspaduccikl@java.com,5048371398692374,54.119.129.159,60.4136423,44.2412709
743,Ame,Dumbleton,adumbletonkm@scientificamerican.com,5108756754455332,175.122.45.189,50.747233,25.325383
744,Beniamino,Goodfellow,bgoodfellowkn@about.com,5007663095796634,,-7.0379245,108.4187029
745,Onofredo,Casterou,ocasterouko@uiuc.edu,,,-8.301579,123.0648331
746,Inigo,Baggarley,ibaggarleykp@shareasale.com,5007660109240864,142.31.195.135,36.7558101,41.3986916
747,Maddy,Kydde,,5108752122644582,,8.2158527,-13.0961989
748,Lib,Fawbert,lfawbertkr@goo.ne.jp,5002356674894152,98.13.38.109,-20.4670046,-55.7872944
749,Tore,Foard,tfoardks@usatoday.com,5048372767518067,218.174.193.101,30.271087,120.166448
750,Robinett,Beau,rbeaukt@hp.com,,40.30.122.218,47.910483,33.391783
751,Lyn,Mc Mechan,,5108752714483365,22.96.182.76,-7.4066528,108.7719766
752,Kerianne,Rouge,krougekv@wisc.edu,5108750583854195,166.177.147.46,28.871569,105.44174
753,Quentin,Ancliffe,,5007662222043811,74.95.139.1,-2.9218531,29.6252858
754,Arnoldo,Gilcriest,agilcriestkx@timesonline.co.uk,5108750739128569,61.90.8.48,,85.625121
755,Gerri,Joe,gjoeky@admin.ch,,87.245.118.176,-0.272699,36.3775152
756,Jaquith,Burkert,jburkertkz@multiply.com,,217.221.91.245,49.9742883,23.5488713
757,Milton,Cloake,mcloakel0@alibaba.com,5010122572046968,,-6.076643,106.4288088
758,Sal,Wiltsher,swiltsherl1@merriam-webster.com,5048379178063765,46.108.3.12,10.267698,123.942247
759,Bianca,Utley,butleyl2@prnewswire.com,,242.121.253.73,48.8693156,2.3501981
760,Anna-diane,Izkovicz,aizkoviczl3@webmd.com,5002351628708780,190.12.84.42,49.6101863,14.9063338
761,Sandi,Girardey,sgirardeyl4@wikia.com,,243.164.111.61,57.7193237,11.9120278
762,Marlee,Lavallin,mlavallinl5@prnewswire.com,,8.215.42.153,58.4249631,29.3677109
763,Titos,Jelks,tjelksl6@mapquest.com,,,49.1931313,-0.3907558
764,Robinett,Stede,rstedel7@narod.ru,5010122556701299,,15.1585322,120.6299566
765,Zaccaria,McVitie,zmcvitiel8@mashable.com,5108752406823753,131.219.250.64,-8.371078,-77.32901
766,Arden,Boughey,,,18.121.169.126,-7.0386232,-42.1572702
767,Nicky,Thorogood,nthorogoodla@163.com,5048372324744800,66.82.125.72,44.8237819,19.8828847
768,Corina,Pettman,cpettmanlb@nationalgeographic.com,,,58.9015864,5.7123282
769,Kent,Dunsford,kdunsfordlc@bluehost.com,,,19.4849192,-72.483507
770,Dilly,Getch,dgetchld@wisc.edu,,208.166.229.187,-13.838889,-74.311944
771,Tomkin,Bento,tbentole@so-net.ne.jp,5002353404738106,99.56.224.137,40.5200214,22.3953372
772,Bryon,Pridding,bpriddinglf@nyu.edu,5010120503098777,79.138.55.158,-2.9492205,25.9231471
773,Millie,Gregory,mgregorylg@netlog.com,,,1.424768,103.6487041
774,Maxie,Evans,,,53.132.249.42,6.9894573,81.057569
775,Joyce,Meriot,jmeriotli@shutterfly.com,5002359005655771,57.0.133.82,39.672791,113.732809
776,Janeczka,Lauchlan,jlauchlanlj@fema.gov,,252.37.62.226,-8.1553145,111.8270486
777,Alfie,Chittey,achitteylk@phpbb.com,,167.93.29.56,53.3625182,84.5792254
778,Liliane,Jeannenet,ljeannenetll@un.org,5007668146323007,169.48.231.238,-15.3238812,-54.8731219
779,Catherin,Trayes,,,211.231.17.188,57.7758077,40.9436341
780,Ali,Simmgen,asimmgenln@canalblog.com,5048378046582410,,32.5639,120.396768
781,Shelden,Dyet,sdyetlo@wikipedia.org,5002352009967839,220.234.106.214,14.1005099,-1.6226538
782,Elenore,Alexsandrowicz,ealexsandrowiczlp@google.de,5002351870384611,91.226.70.232,60.0298805,37.8057169
783,Marion,Eisenberg,meisenberglq@elegantthemes.com,5048371395239989,,10.6149654,47.3657603
784,Rey,Trengrove,,,111.48.92.83,50.367737,21.275513
785,Gardiner,Falshaw,gfalshawls@wp.com,5007669401993534,135.207.20.135,-8.1934,113.2618
786,Paula,Zuan,pzuanlt@blogspot.com,,178.102.8.134,37.054943,41.2282471
787,Lilas,Lampens,,5007663622093398,139.114.75.55,-17.7178133,-49.1221414
788,Gus,Vescovini,,5048378781328912,243.234.118.227,45.1181541,
789,Porter,Gillespey,,,,-20.1379319,57.527801
790,Martainn,Bannard,,5048377273838180,180.140.130.244,56.674534,22.0049709
791,Tynan,Kochs,tkochsly@godaddy.com,5048377658813378,147.222.110.79,-0.2467982,109.6163185
792,Bill,Tomaszewicz,btomaszewiczlz@msn.com,,219.25.114.47,32.765421,-96.7413706
793,Norrie,Soitoux,nsoitouxm0@twitpic.com,5002353260356654,108.156.99.182,15.9475779,-85.6871451
794,Florrie,Ghelardi,fghelardim1@imdb.com,,0.9.140.29,57.9258984,59.970317
795,Ethe,Ledbetter,,,,22.424398,-79.9416549
796,Andrey,Prattin,,,176.102.146.94,38.0068597,-8.385532
797,Christan,Lamond,clamondm4@dagondesign.com,5007661558644952,225.12.85.17,24.385642,102.554313
798,Corabel,Leese,cleesem5@hhs.gov,,77.161.131.112,56.5099223,27.3331357
799,Bendite,Paul,bpaulm6@php.net,,40.98.193.214,-24.6930487,44.7451765
800,Cale,Dolphin,,,,7.1934002,15.2180188
801,Wilden,McDonogh,wmcdonoghm8@blinklist.com,,1.202.164.9,0.549955,117.5730639
802,Charley,Crellin,ccrellinm9@cnet.com,,,,5.6072982
803,Ora,Carcass,ocarcassma@springer.com,5048371112869126,22.80.122.105,14.6279122,121.0034428
804,Janela,Fairchild,,,160.177.160.23,13.8565034,109.1642208
805,Noell,Sedgeworth,nsedgeworthmc@reuters.com,5108751071087850,60.116.190.204,55.9522407,25.5895781
806,Elvira,Sineath,esineathmd@indiatimes.com,5007669208376347,,32.5067042,36.8519377
807,Blair,Ricker,brickerme@squidoo.com,5002350065400315,136.193.242.122,27.6985161,85.3117065
808,Rhianna,Cassie,rcassiemf@google.it,,230.132.75.70,-38.9126083,-67.976045
809,Joellyn,Rings,jringsmg@blogtalkradio.com,,,9.4423308,118.2452273
810,Dorree,O'Donnell,dodonnellmh@dell.com,5108755532411567,93.198.48.129,35.1744271,-6.1473964
811,Tresa,Matei,tmateimi@gov.uk,5002353692665136,146.8.80.215,23.7221111,-15.9347384
812,Raye,Reddington,rreddingtonmj@homestead.com,5048379924814107,49.65.63.83,36.951766,102.494696
813,Amalee,Hedling,,5007662939084850,,48.4046776,-0.9746208
814,Violetta,Pettingall,vpettingallml@xinhuanet.com,5108750667710453,55.218.217.124,38.9944979,-8.7339782
815,Ava,Itchingham,aitchinghammm@wired.com,5048378924022901,,55.1952113,32.4000893
816,Adriana,Pittaway,apittawaymn@shop-pro.jp,,,44.5241143,18.0994197
817,Beryle,Reeve,breevemo@marriott.com,,156.22.226.173,,108.8907988
818,Sarene,Gane,sganemp@myspace.com,5108756991658268,24.161.214.82,32.0366011,35.7288398
819,Amalita,Bergeau,,5002356898037455,146.133.70.87,4.239304,-75.239679
820,Cyndia,Smeeton,csmeetonmr@meetup.com,5048374945430447,227.109.215.135,41.5157473,-8.313469
821,Carin,Longfoot,clongfootms@wsj.com,5002353658816335,88.231.119.62,-10.5733141,121.7235066
822,Natassia,Roath,nroathmt@ft.com,,19.64.58.149,38.0625172,23.7946578
823,Maggy,Summerfield,msummerfieldmu@vistaprint.com,,125.132.255.24,27.42839,85.03219
824,Pren,Kira,pkiramv@usa.gov,,203.12.129.96,55.1653099,37.6076437
825,Sandi,Redington,sredingtonmw@chron.com,5048375932323958,212.112.184.18,,-2.3517526
826,Garald,Noto,,5108755392098884,74.250.248.70,24.5412145,67.6288048
827,Josselyn,Denkin,,5007660928568180,184.207.81.183,60.1442919,29.9959011
828,Graehme,Leece,gleecemz@slashdot.org,,38.217.106.156,-34.6761,-58.5404623
829,Annabel,Mossom,amossomn0@hugedomains.com,5010121314423832,155.100.233.233,14.8572534,120.6213379
830,Davidson,Bompas,,5002351041688916,136.92.175.21,39.50308,64.81142
831,Kitti,Cumesky,kcumeskyn2@privacy.gov.au,5108751180296749,6.152.69.64,29.265944,112.073961
832,Carly,Giacobini,,,46.169.196.216,32.9547248,-8.216481
833,Hercule,de Mullett,hdemullettn4@npr.org,,82.190.114.237,32.060255,118.796877
834,Rorie,Holdall,,,224.41.247.108,43.1627276,45.6198851
835,Tootsie,Aberchirder,taberchirdern6@usgs.gov,,54.6.85.121,39.5969371,116.0715378
836,Lorenzo,Pember,lpembern7@surveymonkey.com,5010128659112532,137.26.212.13,,16.3287199
837,Maxie,Bonde,,,,9.7852847,38.7315822
838,Ingaborg,Sarney,isarneyn9@telegraph.co.uk,5010124342741878,,22.4423218,114.1655064
839,Justino,Ferns,jfernsna@unblog.fr,,2.141.171.82,35.877092,14.544192
840,Pascale,Letherbury,pletherburynb@example.com,,78.105.160.131,17.6495376,95.7773898
841,Lyndel,De La Coste,ldelacostenc@bloomberg.com,,36.216.96.147,-7.1935036,111.6064513
842,Victoria,Streeton,,,29.247.236.211,55.706844,37.4622629
843,Moina,Parnham,mparnhamne@seesaa.net,5048376013316119,193.47.198.179,-9.2939318,-77.6242574
844,Byrle,Whanstall,bwhanstallnf@oracle.com,5007667562506962,,-8.6888277,115.1687141
845,Thekla,Mattedi,tmatteding@hp.com,,177.238.83.60,15.2884878,120.5714361
846,Gawen,Ekkel,gekkelnh@i2i.jp,,228.108.246.70,57.737194,56.174166
847,Julianne,Craze,jcrazeni@studiopress.com,,176.160.212.137,35.1379343,33.1323409
848,Margalit,Pomfrett,mpomfrettnj@github.com,,130.174.44.137,36.6454207,52.9009502
849,Margarete,Cardno,,,66.123.252.87,32.19537,130.02554
850,Manuel,Alu,malunl@usda.gov,5010124128024937,43.128.240.15,24.848984,
851,Dreddy,Cunniff,dcunniffnm@ask.com,5007663655569850,136.75.69.245,19.309169,-70.6977162
852,Ibbie,Camplejohn,icamplejohnnn@scribd.com,,,35.6176824,34.4087307
853,Anthiathia,Brodbin,abrodbinno@cdbaby.com,,39.50.248.107,,17.3522939
854,Amy,Ondricek,,,193.237.68.214,13.5936254,100.324002
855,Wolfgang,Witchalls,wwitchallsnq@engadget.com,,20.108.108.29,31.2141834,121.4561966
856,Gabriellia,Franciotti,,,,26.168922,118.188043
857,Cecelia,Gateman,cgatemanns@cisco.com,,63.9.218.92,51.2308402,51.9665342
858,Ally,Lapre,alaprent@sakura.ne.jp,,,53.32112,-6.2398782
859,Cyb,Tully,ctullynu@hexun.com,,125.85.207.117,13.8694082,-89.8493309
860,Carlin,Scoble,cscoblenv@huffingtonpost.com,5007664807134080,53.196.150.49,14.7013241,104.7885565
861,Aurelia,Gill,agillnw@delicious.com,,186.141.228.36,46.7391866,7.6185958
862,Vivian,Donnison,vdonnisonnx@senate.gov,,55.213.165.203,-0.6000092,100.8564355
863,My,Hanna,mhannany@discovery.com,5010129528457314,73.140.7.15,-13.54918,-71.893158
864,Mair,Kettlesting,,,33.169.225.53,52.3612714,4.8827921
865,Kearney,Hazael,khazaelo0@jigsy.com,5007663427326795,55.159.236.60,19.6267726,-99.2993504
866,Abbey,Drohane,adrohaneo1@example.com,5002354808217085,183.50.160.176,13.1870854,123.4572574
867,Barton,Jeandot,,,141.240.200.179,56.4797638,57.7301714
868,Joann,Cool,,5048370149322158,194.15.74.134,-6.6998601,111.0967118
869,Graham,Olwen,golweno4@ocn.ne.jp,,98.183.124.120,22.560473,113.111612
870,Algernon,Horney,,5108757829802144,,8.8287071,-82.864463
871,Pedro,Smidmoor,psmidmooro6@tinyurl.com,5048372060506801,75.141.34.72,15.2120303,-85.7692277
872,Brandais,Obispo,bobispoo7@springer.com,,155.41.6.106,48.0386685,-2.9231898
873,Cherice,Bruck,,5002354554144723,44.215.232.117,-30.0319,-70.7081
874,Bren,Van Der Vlies,,,245.73.53.236,49.757096,0.375789
875,Cheston,Cassidy,,5010120877010549,38.37.189.225,14.5655642,121.032693
876,Rik,Calvie,rcalvieob@networkadvertising.org,,64.106.91.101,52.0442252,5.6463088
877,Kienan,Durbin,,5048375495673211,22.254.136.64,39.1762837,-8.8661993
878,Rhiamon,Dikels,rdikelsod@utexas.edu,,9.117.234.32,14.7292218,121.051001
879,Erroll,Messer,emesseroe@constantcontact.com,,24.161.202.98,4.5778968,13.3500652
880,Phoebe,Eacle,peacleof@weibo.com,5048372700669142,70.30.201.24,55.7859618,27.4327467
881,Ailee,Hoggan,ahogganog@reverbnation.com,,97.223.11.132,16.6900154,121.5455394
882,Buckie,Pavluk,bpavlukoh@i2i.jp,,236.109.250.142,9.6428113,123.4072107
883,Sibyl,Hincks,shincksoi@sciencedirect.com,,64.201.40.67,41.2106113,-8.5404451
884,Carmine,Niesegen,cniesegenoj@oakley.com,,,49.8046835,73.1093826
885,Dasi,Glyn,dglynok@statcounter.com,,,9.955498,-84.078434
886,Eddy,Stewartson,estewartsonol@statcounter.com,5002358052235511,25.140.33.255,28.782431,113.122376
887,Miquela,McGettigan,mmcgettiganom@wikipedia.org,5108751997538440,204.45.133.254,10.3043903,104.6354631
888,Dav,Dabbes,ddabbeson@odnoklassniki.ru,,136.238.74.161,14.7049761,121.0065736
889,Mayor,Roller,mrolleroo@irs.gov,,31.39.54.16,9.47417,-78.96667
890,Ivy,Mattevi,imatteviop@studiopress.com,5007664982107513,181.161.226.206,35.026516,111.00746
891,Theresita,Somner,,,227.155.50.8,39.9716709,44.5352163
892,Elfreda,Norcop,,5108755884478701,63.46.235.89,11.2533569,122.7339098
893,Loni,Loveday,llovedayos@amazon.com,,65.246.220.28,35.6131551,-97.6385368
894,Abbie,Knapper,,,216.112.200.163,52.38342,-113.7853
895,Marietta,McFayden,mmcfaydenou@wunderground.com,5048378834590716,,-23.8107528,-47.1752123
896,Joy,Evershed,,,225.90.43.126,40.3876316,-8.708411
897,Scarlet,Rohlf,srohlfow@businessweek.com,,210.35.66.237,39.772554,98.289419
898,Hazlett,Hame,,5048379214781958,18.64.176.203,13.8506865,44.7029603
899,Ilaire,Sarten,isartenoy@csmonitor.com,5002357985829226,248.236.118.23,17.4458367,
900,Kurt,Latimer,klatimeroz@cmu.edu,,145.175.249.230,40.570338,116.554665
901,Elsworth,Spearing,espearingp0@gmpg.org,5108752582724601,238.100.62.161,13.4841015,-88.4670322
902,Johanna,Bridle,,5108752874608652,34.192.207.241,53.016924,70.0973718
903,Gwenette,Shave,,,194.200.195.36,-14.05,-74.966667
904,George,Castagnone,gcastagnonep3@free.fr,,223.10.199.156,38.9025835,-9.040848
905,Brenna,Tebboth,,,221.55.237.41,54.7214094,-113.2861822
906,Coop,Boagey,,5002358058602797,,,113.6472457
907,Michele,Pibsworth,mpibsworthp6@cmu.edu,,111.96.42.144,51.5406095,14.759662
908,Muffin,Stayte,,5007663278059057,,-51.6977129,-57.8516627
909,Augustina,Meikle,ameiklep8@cargocollective.com,,46.215.183.83,51.7204294,94.442401
910,Stanleigh,Hainge,shaingep9@wiley.com,,,44.1748191,17.6634251
911,Franny,Creevy,fcreevypa@feedburner.com,5002353619746423,64.243.26.249,46.823629,-0.4928359
912,Baryram,Levings,blevingspb@example.com,5010127551344490,208.103.134.104,59.4310564,26.2664249
913,Tabbatha,Lude,tludepc@altervista.org,5108750634896419,12.14.59.61,-17.48333,-63.7
914,Valeda,Magister,vmagisterpd@biblegateway.com,,27.187.20.180,0.995919,103.4295033
915,Denver,Chichgar,dchichgarpe@yale.edu,,200.0.204.77,29.919421,121.085794
916,Wallache,McKerlie,,5002350516741119,205.177.50.100,27.5065119,83.4376749
917,Jodie,Halshaw,jhalshawpg@123-reg.co.uk,5108752884188612,107.60.227.120,4.6333268,9.4450439
918,Tamas,Christmas,tchristmasph@purevolume.com,5108755111442876,27.169.219.48,45.37139,141.82111
919,Corina,Kingsman,ckingsmanpi@yellowbook.com,,218.55.110.68,27.9890156,-81.6802054
920,Benny,Cosslett,bcosslettpj@ca.gov,,198.20.200.222,46.4799835,30.7319718
921,Myer,Grisley,mgrisleypk@rediff.com,5108755608388178,192.20.190.63,24.588267,115.415276
922,Alexandr,Carnock,acarnockpl@tiny.cc,,,39.1935336,-7.2866952
923,Traci,McNally,tmcnallypm@chron.com,5048371491741839,33.127.134.152,40.9860764,-8.530048
924,Lyssa,Catt,lcattpn@oakley.com,5108755357291441,115.173.209.244,30.9457638,121.4371451
925,Stanislas,Simco,ssimcopo@guardian.co.uk,,133.190.228.160,26.463923,107.905837
926,Emmye,Duligal,,,90.241.71.213,3.9456908,-74.7102958
927,Zak,Cattanach,zcattanachpq@amazon.com,,136.240.98.81,15.3228767,38.9250517
928,Candie,De La Haye,cdelahayepr@hp.com,,118.23.150.213,-34.7382955,-58.3820197
929,Hadrian,Chopy,,,51.166.112.14,54.62667,22.81694
930,Westley,Dawidowitz,wdawidowitzpt@furl.net,,71.184.82.126,4.3202706,21.1861342
931,Perle,Heathcott,pheathcottpu@123-reg.co.uk,5002359394016759,157.175.195.193,,100.482354
932,Vanya,McHugh,vmchughpv@accuweather.com,,,32.026097,112.232692
933,Wyndham,Cossington,wcossingtonpw@nifty.com,,202.13.162.204,24.7021073,121.7377502
934,Barnabe,Priddie,,5002353059977611,43.235.166.59,,-149.3023702
935,Thorsten,Swains,,5007664733945641,140.10.107.119,-23.351784,-47.6931718
936,Shel,Brittain,,5002358628410663,133.222.111.90,35.026516,111.00746
937,Revkah,O'Duggan,rodugganq0@cocolog-nifty.com,5108757617668541,79.46.127.234,-27.3900758,-55.9207015
938,Riannon,Towey,,5048377439381968,118.111.247.137,54.11215,-9.151825
939,Sven,Caughtry,scaughtryq2@discuz.net,5108752045730831,186.211.96.45,45.85007,-72.0658
940,Thaddeus,Sumpter,,5010122826535220,14.76.153.49,53.4428794,41.8125556
941,Allx,Raubenheimers,araubenheimersq4@theglobeandmail.com,,119.35.95.49,24.978548,32.8758199
942,Janene,Macquire,jmacquireq5@who.int,5007668133195764,192.201.81.0,13.8267271,-87.4659693
943,Aretha,Brook,abrookq6@un.org,5010129604036784,253.47.196.180,10.5646285,-75.1232201
944,Durant,Colvin,dcolvinq7@twitpic.com,5010128047933862,208.139.199.214,-9.9478,124.5363
945,Flory,Innett,finnettq8@cbslocal.com,,241.84.54.142,-12.7389848,-73.8654295
946,Kellia,Ruzek,kruzekq9@si.edu,5108759221966998,174.116.95.193,-7.5874497,110.7420464
947,Bernette,Cape,,,155.74.153.223,28.0942907,-12.050407
948,Mab,Goudman,mgoudmanqb@intel.com,5002350199101920,235.170.103.42,30.610203,34.801898
949,Burl,Yelland,byellandqc@issuu.com,,128.7.195.36,60.2401663,23.717724
950,Ly,Scarff,lscarffqd@bing.com,,19.5.26.215,44.4,108.25
951,Quent,Hawthorne,qhawthorneqe@tripod.com,,18.157.238.222,14.4693883,121.0059518
952,Bobby,Dobrowlski,,,212.84.32.139,14.6746056,
953,Ulrika,Merrison,umerrisonqg@amazon.de,,87.18.217.137,31.8808504,36.8308031
954,Gianina,Pundy,gpundyqh@reverbnation.com,,124.136.178.126,48.1172816,23.7691119
955,Leeanne,Iacopetti,liacopettiqi@webs.com,5002354683958712,189.37.200.31,-31.9326576,-57.9020535
956,Bill,Sorel,bsorelqj@nytimes.com,,173.129.115.120,56.7870687,13.8913772
957,Marilee,Giamelli,mgiamelliqk@elpais.com,5010129883501342,60.251.232.20,-25.99566,28.1971031
958,Colene,Veregan,,,96.113.53.171,32.4982249,20.8195292
959,Rutherford,Treverton,rtrevertonqm@dyndns.org,5010122192842036,130.230.9.196,43.9576632,43.6312634
960,Gates,Clancey,gclanceyqn@goodreads.com,5010128749138182,240.24.107.250,27.775888,108.114202
961,Ingemar,Shergill,,,65.171.8.45,31.288153,114.618236
962,Burtie,Quinney,bquinneyqp@admin.ch,,76.53.22.242,40.1430734,-8.7570417
963,Darsie,Drawmer,ddrawmerqq@printfriendly.com,,94.141.39.22,28.260189,117.069202
964,Donielle,Cross,dcrossqr@flavors.me,,173.227.12.38,30.862289,103.915953
965,Jorrie,Duncan,,5007660103756014,149.3.63.242,-29.6731137,29.9590375
966,Mirabelle,Gorrissen,mgorrissenqt@economist.com,,253.245.118.68,20.8965838,
967,Erick,Ritchie,,,44.242.156.210,-6.3384977,106.1610343
968,Nikolas,Aucoate,,5007666346323868,118.101.154.99,51.64438,22.561217
969,Mercy,Bestman,mbestmanqw@va.gov,,38.218.115.208,52.4657235,18.884747
970,Timmi,Hudless,thudlessqx@about.me,5007661745258088,219.163.84.105,-6.125044,106.8377497
971,Carree,Wiffield,cwiffieldqy@narod.ru,,135.53.185.172,47.1892329,
972,Vasili,Camelli,vcamelliqz@geocities.com,,7.201.47.148,11.8711517,125.4280007
973,Cinderella,Sommerly,csommerlyr0@usda.gov,5048377488434379,80.118.68.191,42.901533,125.136451
974,Judi,Poff,jpoffr1@netvibes.com,5002354741802019,,-8.2447934,123.6455502
975,Brittni,Le Blond,bleblondr2@wiley.com,5007664038392325,183.104.4.97,12.3420676,14.1858272
976,Elsey,Raven,eravenr3@amazon.co.jp,,123.194.107.195,-8.2412718,112.0744643
977,Aubrette,Bygreaves,abygreavesr4@scientificamerican.com,,211.240.213.219,14.52309,-90.764589
978,Bax,Nozzolii,bnozzoliir5@pcworld.com,5007661065511371,179.78.218.16,4.0627144,-75.1285712
979,Philly,Bretland,,,203.156.123.179,42.0256471,24.1082622
980,Maurice,Grubb,mgrubbr7@state.gov,5108754228017911,98.57.177.80,,34.6731345
981,Carline,Jorat,,5048375448007855,29.243.134.172,37.082157,120.99453
982,Alix,Moules,amoulesr9@google.co.jp,,168.75.68.72,3.8144237,-76.247912
983,Ely,Elam,,,61.171.121.41,40.336837,-7.8256005
984,Prudence,Oiller,poillerrb@dmoz.org,,81.94.151.125,17.152756,-25.027117
985,Vinson,Baytrop,vbaytroprc@senate.gov,5048379062532297,247.214.77.210,37.517256,101.225991
986,Karon,Malloch,kmallochrd@list-manage.com,,155.110.255.8,42.284605,125.744735
987,Dalia,Berecloth,,,244.70.38.10,38.0565317,140.1011565
988,Cher,Blazey,,5007666423346188,61.151.196.174,-9.8012675,37.9201751
989,Katrine,Davydenko,kdavydenkorg@w3.org,,65.88.110.75,19.8084176,-70.7075503
990,Wolfy,Girardy,wgirardyrh@spotify.com,,171.162.125.173,41.3836182,-8.4170742
991,Hilde,Hendin,hhendinri@phpbb.com,5048377274854947,,37.7423068,-25.6594762
992,Dorella,Piell,dpiellrj@drupal.org,5108754415550625,155.249.36.71,45.08338,-73.36585
993,Gardiner,Davio,gdaviork@reverbnation.com,5048373049267283,76.113.112.80,30.975215,
994,Ginelle,Naerup,,5048377709348002,121.171.99.27,29.693392,-9.732157
995,Alyda,Cod,acodrm@huffingtonpost.com,5048376979451660,12.17.67.216,-34.6310923,-58.8801499
996,Vic,Jowitt,,,67.26.211.0,45.3495592,127.095743
997,Dolley,Munt,,,168.15.219.123,,-8.6455126
998,Stanislaus,Waterfall,swaterfallrp@shop-pro.jp,,18.151.76.134,21.857958,111.982232
999,Bucky,Churchill,bchurchillrq@hc360.com,,162.128.181.186,39.989836,117.274909
1000,Lory,Slewcock,,,163.4.27.166,53.5279314,-114.001928
